if (not exists (select 0 from sys.schemas where name = '_')) 
begin
    exec ('CREATE SCHEMA [_] AUTHORIZATION [dbo]')
end
go

create or alter function _.MaxDateTime2()
returns datetime2
as begin
	return convert(datetime2,'9999-12-31T23:59:59.9999999')
end
go

insert into State (Id, Code, Name, SysStatus, SysUser, SysStart, SysEnd)
	values
		(1, 'AL', 'Alabama', 0, 'mary@example.org', '2016-06-18T08:00:00', _.MaxDateTime2()),
		(2, 'AK', 'Alaska', 0, 'mary@example.org', '2016-06-18T08:00:00', _.MaxDateTime2()),
		(3, 'AS', 'American Samoa', 0, 'mary@example.org', '2016-06-18T08:00:00', _.MaxDateTime2()),
		(4, 'AZ', 'Arizona', 0, 'mary@example.org', '2016-06-18T08:00:00', _.MaxDateTime2()),
		(5, 'AR', 'Arkansas', 0, 'mary@example.org', '2016-06-18T08:00:00', _.MaxDateTime2()),
		(6, 'CA', 'California', 0, 'mary@example.org', '2016-06-18T08:00:00', _.MaxDateTime2()),
		(7, 'CO', 'Colorado', 0, 'mary@example.org', '2016-06-18T08:00:00', _.MaxDateTime2()),
		(8, 'CT', 'Connecticut', 0, 'mary@example.org', '2016-06-18T08:00:00', _.MaxDateTime2()),
		(9, 'DE', 'Delaware', 0, 'mary@example.org', '2016-06-18T08:00:00', _.MaxDateTime2()),
		(10, 'DC', 'District of Columbia', 0, 'mary@example.org', '2016-06-18T08:00:00', _.MaxDateTime2()),
		(11, 'FM', 'Federated States of Micronesia', 0, 'mary@example.org', '2016-06-18T08:00:00', _.MaxDateTime2()),
		(12, 'FL', 'Florida', 0, 'mary@example.org', '2016-06-18T08:00:00', _.MaxDateTime2()),
		(13, 'GA', 'Georgia', 0, 'mary@example.org', '2016-06-18T08:00:00', _.MaxDateTime2()),
		(14, 'GU', 'Guam', 0, 'mary@example.org', '2016-06-18T08:00:00', _.MaxDateTime2()),
		(15, 'HI', 'Hawaii', 0, 'mary@example.org', '2016-06-18T08:00:00', _.MaxDateTime2()),
		(16, 'ID', 'Idaho', 0, 'mary@example.org', '2016-06-18T08:00:00', _.MaxDateTime2()),
		(17, 'IL', 'Illinois', 0, 'mary@example.org', '2016-06-18T08:00:00', _.MaxDateTime2()),
		(18, 'IN', 'Indiana', 0, 'mary@example.org', '2016-06-18T08:00:00', _.MaxDateTime2()),
		(19, 'IA', 'Iowa', 0, 'mary@example.org', '2016-06-18T08:00:00', _.MaxDateTime2()),
		(20, 'KS', 'Kansas', 0, 'mary@example.org', '2016-06-18T08:00:00', _.MaxDateTime2()),
		(21, 'KY', 'Kentucky', 0, 'mary@example.org', '2016-06-18T08:00:00', _.MaxDateTime2()),
		(22, 'LA', 'Louisiana', 0, 'mary@example.org', '2016-06-18T08:00:00', _.MaxDateTime2()),
		(23, 'ME', 'Maine', 0, 'mary@example.org', '2016-06-18T08:00:00', _.MaxDateTime2()),
		(24, 'MH', 'Marshall Islands', 0, 'mary@example.org', '2016-06-18T08:00:00', _.MaxDateTime2()),
		(25, 'MD', 'Maryland', 0, 'mary@example.org', '2016-06-18T08:00:00', _.MaxDateTime2()),
		(26, 'MA', 'Massachusetts', 0, 'mary@example.org', '2016-06-18T08:00:00', _.MaxDateTime2()),
		(27, 'MI', 'Michigan', 0, 'mary@example.org', '2016-06-18T08:00:00', _.MaxDateTime2()),
		(28, 'MN', 'Minnesota', 0, 'mary@example.org', '2016-06-18T08:00:00', _.MaxDateTime2()),
		(29, 'MS', 'Mississippi', 0, 'mary@example.org', '2016-06-18T08:00:00', _.MaxDateTime2()),
		(30, 'MO', 'Missouri', 0, 'mary@example.org', '2016-06-18T08:00:00', _.MaxDateTime2()),
		(31, 'MT', 'Montana', 0, 'mary@example.org', '2016-06-18T08:00:00', _.MaxDateTime2()),
		(32, 'NE', 'Nebraska', 0, 'mary@example.org', '2016-06-18T08:00:00', _.MaxDateTime2()),
		(33, 'NV', 'Nevada', 0, 'mary@example.org', '2016-06-18T08:00:00', _.MaxDateTime2()),
		(34, 'NH', 'New Hampshire', 0, 'mary@example.org', '2016-06-18T08:00:00', _.MaxDateTime2()),
		(35, 'NJ', 'New Jersey', 0, 'mary@example.org', '2016-06-18T08:00:00', _.MaxDateTime2()),
		(36, 'NM', 'New Mexico', 0, 'mary@example.org', '2016-06-18T08:00:00', _.MaxDateTime2()),
		(37, 'NY', 'New York', 0, 'mary@example.org', '2016-06-18T08:00:00', _.MaxDateTime2()),
		(38, 'NC', 'North Carolina', 0, 'mary@example.org', '2016-06-18T08:00:00', _.MaxDateTime2()),
		(39, 'ND', 'North Dakota', 0, 'mary@example.org', '2016-06-18T08:00:00', _.MaxDateTime2()),
		(40, 'MP', 'Northern Mariana Islands', 0, 'mary@example.org', '2016-06-18T08:00:00', _.MaxDateTime2()),
		(41, 'OH', 'Ohio', 0, 'mary@example.org', '2016-06-18T08:00:00', _.MaxDateTime2()),
		(42, 'OK', 'Oklahoma', 0, 'mary@example.org', '2016-06-18T08:00:00', _.MaxDateTime2()),
		(43, 'OR', 'Oregon', 0, 'mary@example.org', '2016-06-18T08:00:00', _.MaxDateTime2()),
		(44, 'PW', 'Palau', 0, 'mary@example.org', '2016-06-18T08:00:00', _.MaxDateTime2()),
		(45, 'PA', 'Pennsylvania', 0, 'mary@example.org', '2016-06-18T08:00:00', _.MaxDateTime2()),
		(46, 'PR', 'Puerto Rico', 0, 'mary@example.org', '2016-06-18T08:00:00', _.MaxDateTime2()),
		(47, 'RI', 'Rhode Island', 0, 'mary@example.org', '2016-06-18T08:00:00', _.MaxDateTime2()),
		(48, 'SC', 'South Carolina', 0, 'mary@example.org', '2016-06-18T08:00:00', _.MaxDateTime2()),
		(49, 'SD', 'South Dakota', 0, 'mary@example.org', '2016-06-18T08:00:00', _.MaxDateTime2()),
		(50, 'TN', 'Tennessee', 0, 'mary@example.org', '2016-06-18T08:00:00', _.MaxDateTime2()),
		(51, 'TX', 'Texas', 0, 'mary@example.org', '2016-06-18T08:00:00', _.MaxDateTime2()),
		(52, 'UT', 'Utah', 0, 'mary@example.org', '2016-06-18T08:00:00', _.MaxDateTime2()),
		(53, 'VT', 'Vermont', 0, 'mary@example.org', '2016-06-18T08:00:00', _.MaxDateTime2()),
		(54, 'VI', 'Virgin Islands', 0, 'mary@example.org', '2016-06-18T08:00:00', _.MaxDateTime2()),
		(55, 'VA', 'Virginia', 0, 'mary@example.org', '2016-06-18T08:00:00', _.MaxDateTime2()),
		(56, 'WA', 'Washington', 0, 'mary@example.org', '2016-06-18T08:00:00', _.MaxDateTime2()),
		(57, 'WV', 'West Virginia', 0, 'mary@example.org', '2016-06-18T08:00:00', _.MaxDateTime2()),
		(58, 'WI', 'Wisconsin', 0, 'mary@example.org', '2016-06-18T08:00:00', _.MaxDateTime2()),
		(59, 'WY', 'Wyoming', 0, 'mary@example.org', '2016-06-18T08:00:00', _.MaxDateTime2());


insert into Person(Id, FirstName, LastName, DateOfBirth, SysStatus, SysUser, SysStart, SysEnd) 
	values (-1,'Justino', 'Castille', '1964-02-23', 0,'mary@example.org','2020-06-19T09:46:21',_.MaxDateTime2());
insert into Person(Id, FirstName, LastName, DateOfBirth, SysStatus, SysUser, SysStart, SysEnd) 
	values (-2,'Ruperto', 'Gathwaite', '1967-08-07', 0,'barbara@example.org','2020-05-14T09:46:21',_.MaxDateTime2());
insert into Person(Id, FirstName, LastName, DateOfBirth, SysStatus, SysUser, SysStart, SysEnd) 
	values (-3,'Sile', 'Wykes', '1953-06-26', 0,'robert@example.org','2020-05-15T09:46:21',_.MaxDateTime2());
insert into Person(Id, FirstName, LastName, DateOfBirth, SysStatus, SysUser, SysStart, SysEnd) 
	values (-4,'Bil', 'Danielou', '1980-10-01', 0,'patricia@example.org','2020-05-18T09:46:21',_.MaxDateTime2());
insert into Person(Id, FirstName, LastName, DateOfBirth, SysStatus, SysUser, SysStart, SysEnd) 
	values (-5,'Jonis', 'Calder', '1959-12-31', 0,'patricia@example.org','2020-05-18T09:46:21',_.MaxDateTime2());
insert into Person(Id, FirstName, LastName, DateOfBirth, SysStatus, SysUser, SysStart, SysEnd) 
	values (-6,'Emmanuel', 'Ellett', '1946-03-23', 0,'mary@example.org','2020-06-19T09:46:21',_.MaxDateTime2());
insert into Person(Id, FirstName, LastName, DateOfBirth, SysStatus, SysUser, SysStart, SysEnd) 
	values (-7,'Cristie', 'Luppitt', '1982-11-20', 0,'james@example.org','2020-05-19T09:46:21',_.MaxDateTime2());
insert into Person(Id, FirstName, LastName, DateOfBirth, SysStatus, SysUser, SysStart, SysEnd) 
	values (-8,'Letta', 'Boscott', '1982-10-27', 0,'barbara@example.org','2020-05-14T09:46:21',_.MaxDateTime2());
insert into Person(Id, FirstName, LastName, DateOfBirth, SysStatus, SysUser, SysStart, SysEnd) 
	values (-9,'Cindra', 'Pitman', '1951-03-20', 0,'james@example.org','2020-05-19T09:46:21',_.MaxDateTime2());
insert into Person(Id, FirstName, LastName, DateOfBirth, SysStatus, SysUser, SysStart, SysEnd) 
	values (-10,'Katrinka', 'Alcide', '1955-09-17', 0,'barbara@example.org','2020-05-14T09:46:21',_.MaxDateTime2());
insert into Person(Id, FirstName, LastName, DateOfBirth, SysStatus, SysUser, SysStart, SysEnd) 
	values (-11,'Nicol', 'Portigall', '1967-12-02', 0,'john@example.org','2020-05-17T09:46:21',_.MaxDateTime2());
insert into Person(Id, FirstName, LastName, DateOfBirth, SysStatus, SysUser, SysStart, SysEnd) 
	values (-12,'Pamela', 'Woolnough', '1956-10-29', 0,'william@example.org','2020-05-12T09:46:21',_.MaxDateTime2());
insert into Person(Id, FirstName, LastName, DateOfBirth, SysStatus, SysUser, SysStart, SysEnd) 
	values (-13,'Annabal', 'Divine', '1993-06-10', 0,'james@example.org','2020-05-19T09:46:21',_.MaxDateTime2());
insert into Person(Id, FirstName, LastName, DateOfBirth, SysStatus, SysUser, SysStart, SysEnd) 
	values (-14,'Rozella', 'Hurdle', '1971-10-02', 0,'john@example.org','2020-05-17T09:46:21',_.MaxDateTime2());
insert into Person(Id, FirstName, LastName, DateOfBirth, SysStatus, SysUser, SysStart, SysEnd) 
	values (-15,'Adelheid', 'Kerby', '1972-02-11', 0,'patricia@example.org','2020-05-18T09:46:21',_.MaxDateTime2());
insert into Person(Id, FirstName, LastName, DateOfBirth, SysStatus, SysUser, SysStart, SysEnd) 
	values (-16,'Briant', 'Beckles', '1995-04-26', 0,'robert@example.org','2020-05-15T09:46:21',_.MaxDateTime2());
insert into Person(Id, FirstName, LastName, DateOfBirth, SysStatus, SysUser, SysStart, SysEnd) 
	values (-17,'Neils', 'Ovise', '1952-09-09', 0,'william@example.org','2020-05-12T09:46:21',_.MaxDateTime2());
insert into Person(Id, FirstName, LastName, DateOfBirth, SysStatus, SysUser, SysStart, SysEnd) 
	values (-18,'Giffie', 'Krause', '1999-09-11', 0,'patricia@example.org','2020-05-18T09:46:21',_.MaxDateTime2());
insert into Person(Id, FirstName, LastName, DateOfBirth, SysStatus, SysUser, SysStart, SysEnd) 
	values (-19,'Hannah', 'Giovannoni', '1987-05-13', 0,'mary@example.org','2020-06-19T09:46:21',_.MaxDateTime2());
insert into Person(Id, FirstName, LastName, DateOfBirth, SysStatus, SysUser, SysStart, SysEnd) 
	values (-20,'Bastien', 'Buston', '1998-08-27', 0,'barbara@example.org','2020-05-14T09:46:21',_.MaxDateTime2());
insert into Person(Id, FirstName, LastName, DateOfBirth, SysStatus, SysUser, SysStart, SysEnd) 
	values (-21,'Luca', 'Wildey', '1976-06-02', 0,'john@example.org','2020-05-17T09:46:21',_.MaxDateTime2());
insert into Person(Id, FirstName, LastName, DateOfBirth, SysStatus, SysUser, SysStart, SysEnd) 
	values (-22,'Tyrus', 'Cantor', '1985-02-07', 0,'barbara@example.org','2020-05-14T09:46:21',_.MaxDateTime2());
insert into Person(Id, FirstName, LastName, DateOfBirth, SysStatus, SysUser, SysStart, SysEnd) 
	values (-23,'Jerrie', 'Harrison', '1977-11-18', 0,'michael@example.org','2020-05-13T09:46:21',_.MaxDateTime2());
insert into Person(Id, FirstName, LastName, DateOfBirth, SysStatus, SysUser, SysStart, SysEnd) 
	values (-24,'Hyacinthia', 'Dunlea', '1984-06-13', 0,'mary@example.org','2020-06-19T09:46:21',_.MaxDateTime2());
insert into Person(Id, FirstName, LastName, DateOfBirth, SysStatus, SysUser, SysStart, SysEnd) 
	values (-25,'Temp', 'Cullingworth', '1992-01-06', 0,'robert@example.org','2020-05-15T09:46:21',_.MaxDateTime2());
insert into Person(Id, FirstName, LastName, DateOfBirth, SysStatus, SysUser, SysStart, SysEnd) 
	values (-26,'Berne', 'Whitnall', '1963-02-06', 0,'robert@example.org','2020-05-15T09:46:21',_.MaxDateTime2());
insert into Person(Id, FirstName, LastName, DateOfBirth, SysStatus, SysUser, SysStart, SysEnd) 
	values (-27,'Baillie', 'Batiste', '1940-01-03', 0,'mary@example.org','2020-06-19T09:46:21',_.MaxDateTime2());
insert into Person(Id, FirstName, LastName, DateOfBirth, SysStatus, SysUser, SysStart, SysEnd) 
	values (-28,'Clyve', 'Le Brun', 'Le Brun', '1968-03-16', 0,'robert@example.org','2020-05-15T09:46:21',_.MaxDateTime2());
insert into Person(Id, FirstName, LastName, DateOfBirth, SysStatus, SysUser, SysStart, SysEnd) 
	values (-29,'Cherlyn', 'Chevalier', '1969-11-02', 0,'john@example.org','2020-05-17T09:46:21',_.MaxDateTime2());
insert into Person(Id, FirstName, LastName, DateOfBirth, SysStatus, SysUser, SysStart, SysEnd) 
	values (-30,'Torrance', 'Wallbanks', '1968-04-29', 0,'elizabeth@example.org','2020-05-13T09:46:21',_.MaxDateTime2());
insert into Person(Id, FirstName, LastName, DateOfBirth, SysStatus, SysUser, SysStart, SysEnd) 
	values (-31,'Alexandro', 'Shory', '1972-01-22', 0,'john@example.org','2020-05-17T09:46:21',_.MaxDateTime2());
insert into Person(Id, FirstName, LastName, DateOfBirth, SysStatus, SysUser, SysStart, SysEnd) 
	values (-32,'Abdul', 'Twiname', '1989-05-28', 0,'michael@example.org','2020-05-13T09:46:21',_.MaxDateTime2());
insert into Person(Id, FirstName, LastName, DateOfBirth, SysStatus, SysUser, SysStart, SysEnd) 
	values (-33,'Nixie', 'Chazier', '1944-01-10', 0,'james@example.org','2020-05-19T09:46:21',_.MaxDateTime2());
insert into Person(Id, FirstName, LastName, DateOfBirth, SysStatus, SysUser, SysStart, SysEnd) 
	values (-34,'Eran', 'Pickton', '1950-09-13', 0,'mary@example.org','2020-06-19T09:46:21',_.MaxDateTime2());
insert into Person(Id, FirstName, LastName, DateOfBirth, SysStatus, SysUser, SysStart, SysEnd) 
	values (-35,'Grace', 'Kuhlen', '1945-02-27', 0,'barbara@example.org','2020-05-14T09:46:21',_.MaxDateTime2());
insert into Person(Id, FirstName, LastName, DateOfBirth, SysStatus, SysUser, SysStart, SysEnd) 
	values (-36,'Liv', 'Callander', '1970-03-26', 0,'robert@example.org','2020-05-15T09:46:21',_.MaxDateTime2());
insert into Person(Id, FirstName, LastName, DateOfBirth, SysStatus, SysUser, SysStart, SysEnd) 
	values (-37,'Cristobal', 'Kenshole', '1949-03-23', 0,'mary@example.org','2020-06-19T09:46:21',_.MaxDateTime2());
insert into Person(Id, FirstName, LastName, DateOfBirth, SysStatus, SysUser, SysStart, SysEnd) 
	values (-38,'Suzanne', 'Matterdace', '1976-09-18', 0,'michael@example.org','2020-05-13T09:46:21',_.MaxDateTime2());
insert into Person(Id, FirstName, LastName, DateOfBirth, SysStatus, SysUser, SysStart, SysEnd) 
	values (-39,'Lanae', 'Wiltsher', '1979-05-19', 0,'elizabeth@example.org','2020-05-13T09:46:21',_.MaxDateTime2());
insert into Person(Id, FirstName, LastName, DateOfBirth, SysStatus, SysUser, SysStart, SysEnd) 
	values (-40,'Donal', 'Janssens', '1954-01-26', 0,'robert@example.org','2020-05-15T09:46:21',_.MaxDateTime2());
insert into Person(Id, FirstName, LastName, DateOfBirth, SysStatus, SysUser, SysStart, SysEnd) 
	values (-41,'Dicky', 'Carriage', '1950-01-28', 0,'michael@example.org','2020-05-13T09:46:21',_.MaxDateTime2());
insert into Person(Id, FirstName, LastName, DateOfBirth, SysStatus, SysUser, SysStart, SysEnd) 
	values (-42,'Rora', 'Bothe', '1997-04-08', 0,'michael@example.org','2020-05-13T09:46:21',_.MaxDateTime2());
insert into Person(Id, FirstName, LastName, DateOfBirth, SysStatus, SysUser, SysStart, SysEnd) 
	values (-43,'Rhys', 'Ranald', '1967-10-19', 0,'elizabeth@example.org','2020-05-13T09:46:21',_.MaxDateTime2());
insert into Person(Id, FirstName, LastName, DateOfBirth, SysStatus, SysUser, SysStart, SysEnd) 
	values (-44,'Tabbatha', 'Buttle', '1973-02-02', 0,'john@example.org','2020-05-17T09:46:21',_.MaxDateTime2());
insert into Person(Id, FirstName, LastName, DateOfBirth, SysStatus, SysUser, SysStart, SysEnd) 
	values (-45,'Row', 'Rayson', '1953-02-10', 0,'james@example.org','2020-05-19T09:46:21',_.MaxDateTime2());
insert into Person(Id, FirstName, LastName, DateOfBirth, SysStatus, SysUser, SysStart, SysEnd) 
	values (-46,'Thurston', 'Robez', '1970-01-03', 0,'mary@example.org','2020-06-19T09:46:21',_.MaxDateTime2());
insert into Person(Id, FirstName, LastName, DateOfBirth, SysStatus, SysUser, SysStart, SysEnd) 
	values (-47,'Gaelan', 'Thatcher', '1966-07-26', 0,'robert@example.org','2020-05-15T09:46:21',_.MaxDateTime2());
insert into Person(Id, FirstName, LastName, DateOfBirth, SysStatus, SysUser, SysStart, SysEnd) 
	values (-48,'Jamima', 'Peegrem', '1986-09-19', 0,'william@example.org','2020-05-12T09:46:21',_.MaxDateTime2());
insert into Person(Id, FirstName, LastName, DateOfBirth, SysStatus, SysUser, SysStart, SysEnd) 
	values (-49,'Mable', 'Gatley', '1981-06-17', 0,'barbara@example.org','2020-05-14T09:46:21',_.MaxDateTime2());
insert into Person(Id, FirstName, LastName, DateOfBirth, SysStatus, SysUser, SysStart, SysEnd) 
	values (-50,'Wilden', 'McKniely', '1984-01-02', 0,'john@example.org','2020-05-17T09:46:21',_.MaxDateTime2());
insert into Person(Id, FirstName, LastName, DateOfBirth, SysStatus, SysUser, SysStart, SysEnd) 
	values (-51,'Helyn', 'Macallam', '1961-05-06', 0,'robert@example.org','2020-05-15T09:46:21',_.MaxDateTime2());
insert into Person(Id, FirstName, LastName, DateOfBirth, SysStatus, SysUser, SysStart, SysEnd) 
	values (-52,'Letizia', 'McMurraya', '1982-02-06', 0,'robert@example.org','2020-05-15T09:46:21',_.MaxDateTime2());
insert into Person(Id, FirstName, LastName, DateOfBirth, SysStatus, SysUser, SysStart, SysEnd) 
	values (-53,'Eugenie', 'Dabes', '1944-05-01', 0,'patricia@example.org','2020-05-18T09:46:21',_.MaxDateTime2());
insert into Person(Id, FirstName, LastName, DateOfBirth, SysStatus, SysUser, SysStart, SysEnd) 
	values (-54,'Rosaleen', 'Bunney', '1947-02-13', 0,'mary@example.org','2020-06-19T09:46:21',_.MaxDateTime2());
insert into Person(Id, FirstName, LastName, DateOfBirth, SysStatus, SysUser, SysStart, SysEnd) 
	values (-55,'Norby', 'Swanton', '1988-07-29', 0,'elizabeth@example.org','2020-05-13T09:46:21',_.MaxDateTime2());
insert into Person(Id, FirstName, LastName, DateOfBirth, SysStatus, SysUser, SysStart, SysEnd) 
	values (-56,'Maddalena', 'Dederich', '1949-01-12', 0,'john@example.org','2020-05-17T09:46:21',_.MaxDateTime2());
insert into Person(Id, FirstName, LastName, DateOfBirth, SysStatus, SysUser, SysStart, SysEnd) 
	values (-57,'Burlie', 'Mayhow', '1967-10-18', 0,'michael@example.org','2020-05-13T09:46:21',_.MaxDateTime2());
insert into Person(Id, FirstName, LastName, DateOfBirth, SysStatus, SysUser, SysStart, SysEnd) 
	values (-58,'Raymund', 'Garrod', '1973-05-28', 0,'michael@example.org','2020-05-13T09:46:21',_.MaxDateTime2());
insert into Person(Id, FirstName, LastName, DateOfBirth, SysStatus, SysUser, SysStart, SysEnd) 
	values (-59,'Moises', 'Stubbeley', '1973-02-15', 0,'linda@example.org','2020-05-16T09:46:21',_.MaxDateTime2());
insert into Person(Id, FirstName, LastName, DateOfBirth, SysStatus, SysUser, SysStart, SysEnd) 
	values (-60,'Rosabella', 'Simo', '1960-01-02', 0,'john@example.org','2020-05-17T09:46:21',_.MaxDateTime2());
insert into Person(Id, FirstName, LastName, DateOfBirth, SysStatus, SysUser, SysStart, SysEnd) 
	values (-61,'Yorgo', 'Andreopolos', '1949-09-23', 0,'mary@example.org','2020-06-19T09:46:21',_.MaxDateTime2());
insert into Person(Id, FirstName, LastName, DateOfBirth, SysStatus, SysUser, SysStart, SysEnd) 
	values (-62,'Elvin', 'Canavan', '1965-02-26', 0,'robert@example.org','2020-05-15T09:46:21',_.MaxDateTime2());
insert into Person(Id, FirstName, LastName, DateOfBirth, SysStatus, SysUser, SysStart, SysEnd) 
	values (-63,'Norton', 'Lob', '1984-03-01', 0,'patricia@example.org','2020-05-18T09:46:21',_.MaxDateTime2());
insert into Person(Id, FirstName, LastName, DateOfBirth, SysStatus, SysUser, SysStart, SysEnd) 
	values (-64,'Martin', 'Roos', '1963-04-09', 0,'elizabeth@example.org','2020-05-13T09:46:21',_.MaxDateTime2());
insert into Person(Id, FirstName, LastName, DateOfBirth, SysStatus, SysUser, SysStart, SysEnd) 
	values (-65,'Gare', 'Fearne', '1997-10-29', 0,'william@example.org','2020-05-12T09:46:21',_.MaxDateTime2());
insert into Person(Id, FirstName, LastName, DateOfBirth, SysStatus, SysUser, SysStart, SysEnd) 
	values (-66,'Courtney', 'Paynton', '1994-08-16', 0,'robert@example.org','2020-05-15T09:46:21',_.MaxDateTime2());
insert into Person(Id, FirstName, LastName, DateOfBirth, SysStatus, SysUser, SysStart, SysEnd) 
	values (-67,'Duane', 'Antoniazzi', '1988-01-22', 0,'john@example.org','2020-05-17T09:46:21',_.MaxDateTime2());
insert into Person(Id, FirstName, LastName, DateOfBirth, SysStatus, SysUser, SysStart, SysEnd) 
	values (-68,'Jarrid', 'Boumphrey', '1961-02-19', 0,'elizabeth@example.org','2020-05-13T09:46:21',_.MaxDateTime2());
insert into Person(Id, FirstName, LastName, DateOfBirth, SysStatus, SysUser, SysStart, SysEnd) 
	values (-69,'Giovanni', 'Devericks', '1981-04-09', 0,'elizabeth@example.org','2020-05-13T09:46:21',_.MaxDateTime2());
insert into Person(Id, FirstName, LastName, DateOfBirth, SysStatus, SysUser, SysStart, SysEnd) 
	values (-70,'Katrine', 'Larimer', '1990-10-01', 0,'patricia@example.org','2020-05-18T09:46:21',_.MaxDateTime2());
insert into Person(Id, FirstName, LastName, DateOfBirth, SysStatus, SysUser, SysStart, SysEnd) 
	values (-71,'Hedwiga', 'McDermott-Row', 'McDermott-Row', '1941-07-26', 0,'robert@example.org','2020-05-15T09:46:21',_.MaxDateTime2());
insert into Person(Id, FirstName, LastName, DateOfBirth, SysStatus, SysUser, SysStart, SysEnd) 
	values (-72,'Myranda', 'Godwyn', '1962-07-07', 0,'barbara@example.org','2020-05-14T09:46:21',_.MaxDateTime2());
insert into Person(Id, FirstName, LastName, DateOfBirth, SysStatus, SysUser, SysStart, SysEnd) 
	values (-73,'Loleta', 'Dibbert', '1985-09-26', 0,'robert@example.org','2020-05-15T09:46:21',_.MaxDateTime2());
insert into Person(Id, FirstName, LastName, DateOfBirth, SysStatus, SysUser, SysStart, SysEnd) 
	values (-74,'Monty', 'Gawthorpe', '1963-10-31', 0,'patricia@example.org','2020-05-18T09:46:21',_.MaxDateTime2());
insert into Person(Id, FirstName, LastName, DateOfBirth, SysStatus, SysUser, SysStart, SysEnd) 
	values (-75,'Granny', 'Fawcitt', '1976-03-29', 0,'william@example.org','2020-05-12T09:46:21',_.MaxDateTime2());
insert into Person(Id, FirstName, LastName, DateOfBirth, SysStatus, SysUser, SysStart, SysEnd) 
	values (-76,'Judon', 'Brands', '1941-03-19', 0,'elizabeth@example.org','2020-05-13T09:46:21',_.MaxDateTime2());
insert into Person(Id, FirstName, LastName, DateOfBirth, SysStatus, SysUser, SysStart, SysEnd) 
	values (-77,'Christin', 'Letterese', '1974-04-10', 0,'james@example.org','2020-05-19T09:46:21',_.MaxDateTime2());
insert into Person(Id, FirstName, LastName, DateOfBirth, SysStatus, SysUser, SysStart, SysEnd) 
	values (-78,'Karola', 'Tother', '1966-01-28', 0,'michael@example.org','2020-05-13T09:46:21',_.MaxDateTime2());
insert into Person(Id, FirstName, LastName, DateOfBirth, SysStatus, SysUser, SysStart, SysEnd) 
	values (-79,'Shirlee', 'Berge', '1992-07-05', 0,'linda@example.org','2020-05-16T09:46:21',_.MaxDateTime2());
insert into Person(Id, FirstName, LastName, DateOfBirth, SysStatus, SysUser, SysStart, SysEnd) 
	values (-80,'Jammal', 'Orcas', '1995-06-19', 0,'elizabeth@example.org','2020-05-13T09:46:21',_.MaxDateTime2());
insert into Person(Id, FirstName, LastName, DateOfBirth, SysStatus, SysUser, SysStart, SysEnd) 
	values (-81,'Hiram', 'Meininger', '1996-05-20', 0,'james@example.org','2020-05-19T09:46:21',_.MaxDateTime2());
insert into Person(Id, FirstName, LastName, DateOfBirth, SysStatus, SysUser, SysStart, SysEnd) 
	values (-82,'Tadd', 'Ducker', '1987-10-28', 0,'michael@example.org','2020-05-13T09:46:21',_.MaxDateTime2());
insert into Person(Id, FirstName, LastName, DateOfBirth, SysStatus, SysUser, SysStart, SysEnd) 
	values (-83,'Tiphanie', 'Drinkhill', '1976-12-03', 0,'mary@example.org','2020-06-19T09:46:21',_.MaxDateTime2());
insert into Person(Id, FirstName, LastName, DateOfBirth, SysStatus, SysUser, SysStart, SysEnd) 
	values (-84,'Nanete', 'Waterdrinker', '1954-04-09', 0,'william@example.org','2020-05-12T09:46:21',_.MaxDateTime2());
insert into Person(Id, FirstName, LastName, DateOfBirth, SysStatus, SysUser, SysStart, SysEnd) 
	values (-85,'Cos', 'Lattin', '1975-02-28', 0,'michael@example.org','2020-05-13T09:46:21',_.MaxDateTime2());
insert into Person(Id, FirstName, LastName, DateOfBirth, SysStatus, SysUser, SysStart, SysEnd) 
	values (-86,'Alden', 'Braddock', '1954-02-27', 0,'barbara@example.org','2020-05-14T09:46:21',_.MaxDateTime2());
insert into Person(Id, FirstName, LastName, DateOfBirth, SysStatus, SysUser, SysStart, SysEnd) 
	values (-87,'Karoline', 'Passie', '1995-12-12', 0,'john@example.org','2020-05-17T09:46:21',_.MaxDateTime2());
insert into Person(Id, FirstName, LastName, DateOfBirth, SysStatus, SysUser, SysStart, SysEnd) 
	values (-88,'Hannah', 'Burroughes', '1964-06-22', 0,'john@example.org','2020-05-17T09:46:21',_.MaxDateTime2());
insert into Person(Id, FirstName, LastName, DateOfBirth, SysStatus, SysUser, SysStart, SysEnd) 
	values (-89,'Pepito', 'Elmes', '1953-09-18', 0,'michael@example.org','2020-05-13T09:46:21',_.MaxDateTime2());
insert into Person(Id, FirstName, LastName, DateOfBirth, SysStatus, SysUser, SysStart, SysEnd) 
	values (-90,'Dee', 'Panter', '1994-08-13', 0,'mary@example.org','2020-06-19T09:46:21',_.MaxDateTime2());
insert into Person(Id, FirstName, LastName, DateOfBirth, SysStatus, SysUser, SysStart, SysEnd) 
	values (-91,'Flossi', 'Waller-Bridge', 'Waller-Bridge', '1984-08-05', 0,'linda@example.org','2020-05-16T09:46:21',_.MaxDateTime2());
insert into Person(Id, FirstName, LastName, DateOfBirth, SysStatus, SysUser, SysStart, SysEnd) 
	values (-92,'Juditha', 'Tenby', '1981-05-25', 0,'linda@example.org','2020-05-16T09:46:21',_.MaxDateTime2());
insert into Person(Id, FirstName, LastName, DateOfBirth, SysStatus, SysUser, SysStart, SysEnd) 
	values (-93,'Walliw', 'Rooksby', '1950-05-28', 0,'michael@example.org','2020-05-13T09:46:21',_.MaxDateTime2());
insert into Person(Id, FirstName, LastName, DateOfBirth, SysStatus, SysUser, SysStart, SysEnd) 
	values (-94,'Lindon', 'Gunson', '1960-05-11', 0,'patricia@example.org','2020-05-18T09:46:21',_.MaxDateTime2());
insert into Person(Id, FirstName, LastName, DateOfBirth, SysStatus, SysUser, SysStart, SysEnd) 
	values (-95,'Minna', 'Sawney', '1952-01-15', 0,'linda@example.org','2020-05-16T09:46:21',_.MaxDateTime2());
insert into Person(Id, FirstName, LastName, DateOfBirth, SysStatus, SysUser, SysStart, SysEnd) 
	values (-96,'Killian', 'Cowderoy', '1970-06-08', 0,'michael@example.org','2020-05-13T09:46:21',_.MaxDateTime2());
insert into Person(Id, FirstName, LastName, DateOfBirth, SysStatus, SysUser, SysStart, SysEnd) 
	values (-97,'Raynell', 'Ettritch', '1986-06-15', 0,'linda@example.org','2020-05-16T09:46:21',_.MaxDateTime2());
insert into Person(Id, FirstName, LastName, DateOfBirth, SysStatus, SysUser, SysStart, SysEnd) 
	values (-98,'Kesley', 'Laybourn', '1982-08-11', 0,'patricia@example.org','2020-05-18T09:46:21',_.MaxDateTime2());
insert into Person(Id, FirstName, LastName, DateOfBirth, SysStatus, SysUser, SysStart, SysEnd) 
	values (-99,'Deina', 'Jolin', '1988-08-06', 0,'robert@example.org','2020-05-15T09:46:21',_.MaxDateTime2());
insert into Person(Id, FirstName, LastName, DateOfBirth, SysStatus, SysUser, SysStart, SysEnd) 
	values (-100, 'Anne-marie', 'Towse', '1969-10-05', 0,'linda@example.org','2020-05-16T09:46:21',_.MaxDateTime2());

insert into Address (Id, PersonId, StreetAddress, City, State, PostalCode, SysStatus, SysUser, SysStart, SysEnd)
	values (-1, -46, '1232 Bobwhite Junction', 'San Francisco', 'CA', '94177', 0, 'mary@example.org', '2020-06-19T10:22:31',_.MaxDateTime2())  
insert into Address (Id, PersonId, StreetAddress, City, State, PostalCode, SysStatus, SysUser, SysStart, SysEnd)
	select -2, -56, '64 Sunbrook Drive', 'San Francisco', 'CA', '94116', 0, 'mary@example.org', '2020-06-19T10:22:31',_.MaxDateTime2()  
		from Person p where p.Id = -56;
insert into Address (Id, PersonId, StreetAddress, City, State, PostalCode, SysStatus, SysUser, SysStart, SysEnd)
	values (-3, -84, '83368 Redwing Crossing', 'Washington', 'DC', '20380', 0, 'mary@example.org', '2020-06-19T10:22:31',_.MaxDateTime2()  );
insert into Address (Id, PersonId, StreetAddress, City, State, PostalCode, SysStatus, SysUser, SysStart, SysEnd)
	values (-4, -93, '1165 Sundown Avenue', 'Pasadena', 'CA', '91109', 0, 'james@example.org', '2020-06-19T10:22:31',_.MaxDateTime2()  );
insert into Address (Id, PersonId, StreetAddress, City, State, PostalCode, SysStatus, SysUser, SysStart, SysEnd)
	values (-5, -97, '155 Mockingbird Drive', 'Albany', 'NY', '12237', 0, 'james@example.org', '2020-06-19T10:22:31',_.MaxDateTime2()  );
insert into Address (Id, PersonId, StreetAddress, City, State, PostalCode, SysStatus, SysUser, SysStart, SysEnd)
	values (-6, -45, '07779 Mcguire Crossing', 'Amarillo', 'TX', '79118', 0, 'mary@example.org', '2020-06-19T10:22:31',_.MaxDateTime2()  );
insert into Address (Id, PersonId, StreetAddress, City, State, PostalCode, SysStatus, SysUser, SysStart, SysEnd)
	values (-7, -91, '58 New Castle Alley', 'San Francisco', 'CA', '94132', 0, 'james@example.org', '2020-06-19T10:22:31',_.MaxDateTime2()  );
insert into Address (Id, PersonId, StreetAddress, City, State, PostalCode, SysStatus, SysUser, SysStart, SysEnd)
	values (-8, -25, '9 Fieldstone Circle', 'Littleton', 'CO', '80127', 0, 'james@example.org', '2020-06-19T10:22:31',_.MaxDateTime2()  );
insert into Address (Id, PersonId, StreetAddress, City, State, PostalCode, SysStatus, SysUser, SysStart, SysEnd)
	values (-9, -33, '01 Maryland Point', 'Baltimore', 'MD', '21281', 0, 'james@example.org', '2020-06-19T10:22:31',_.MaxDateTime2()  );
insert into Address (Id, PersonId, StreetAddress, City, State, PostalCode, SysStatus, SysUser, SysStart, SysEnd)
	values (-10, -50, '8799 Manitowish Circle', 'Richmond', 'VA', '23293', 0, 'james@example.org', '2020-06-19T10:22:31',_.MaxDateTime2()  );
insert into Address (Id, PersonId, StreetAddress, City, State, PostalCode, SysStatus, SysUser, SysStart, SysEnd)
	values (-11, -33, '9746 Bashford Court', 'Pittsburgh', 'PA', '15255', 0, 'mary@example.org', '2020-06-19T10:22:31',_.MaxDateTime2()  );
insert into Address (Id, PersonId, StreetAddress, City, State, PostalCode, SysStatus, SysUser, SysStart, SysEnd)
	values (-12, -94, '81224 Armistice Park', 'Huntsville', 'AL', '35815', 0, 'mary@example.org', '2020-06-19T10:22:31',_.MaxDateTime2()  );
insert into Address (Id, PersonId, StreetAddress, City, State, PostalCode, SysStatus, SysUser, SysStart, SysEnd)
	values (-13, -7, '550 Morningstar Park', 'Birmingham', 'AL', '35290', 0, 'mary@example.org', '2020-06-19T10:22:31',_.MaxDateTime2()  );
insert into Address (Id, PersonId, StreetAddress, City, State, PostalCode, SysStatus, SysUser, SysStart, SysEnd)
	values (-14, -71, '670 Union Park', 'Seattle', 'WA', '98104', 0, 'james@example.org', '2020-06-19T10:22:31',_.MaxDateTime2()  );
insert into Address (Id, PersonId, StreetAddress, City, State, PostalCode, SysStatus, SysUser, SysStart, SysEnd)
	values (-15, -88, '5955 Gerald Parkway', 'Cedar Rapids', 'IA', '52405', 0, 'mary@example.org', '2020-06-19T10:22:31',_.MaxDateTime2()  );
insert into Address (Id, PersonId, StreetAddress, City, State, PostalCode, SysStatus, SysUser, SysStart, SysEnd)
	values (-16, -78, '71306 Kedzie Point', 'Chicago', 'IL', '60619', 0, 'james@example.org', '2020-06-19T10:22:31',_.MaxDateTime2()  );
insert into Address (Id, PersonId, StreetAddress, City, State, PostalCode, SysStatus, SysUser, SysStart, SysEnd)
	values (-17, -34, '3740 Katie Place', 'Schenectady', 'NY', '12305', 0, 'james@example.org', '2020-06-19T10:22:31',_.MaxDateTime2()  );
insert into Address (Id, PersonId, StreetAddress, City, State, PostalCode, SysStatus, SysUser, SysStart, SysEnd)
	values (-18, -12, '764 Heffernan Way', 'Tyler', 'TX', '75705', 0, 'mary@example.org', '2020-06-19T10:22:31',_.MaxDateTime2()  );
insert into Address (Id, PersonId, StreetAddress, City, State, PostalCode, SysStatus, SysUser, SysStart, SysEnd)
	values (-19, -59, '3 Lunder Place', 'Las Vegas', 'NV', '89110', 0, 'mary@example.org', '2020-06-19T10:22:31',_.MaxDateTime2()  );
insert into Address (Id, PersonId, StreetAddress, City, State, PostalCode, SysStatus, SysUser, SysStart, SysEnd)
	values (-20, -83, '7 Roth Alley', 'Houston', 'TX', '77288', 0, 'mary@example.org', '2020-06-19T10:22:31',_.MaxDateTime2()  );
insert into Address (Id, PersonId, StreetAddress, City, State, PostalCode, SysStatus, SysUser, SysStart, SysEnd)
	values (-21, -57, '6425 Shopko Road', 'Spokane', 'WA', '99215', 0, 'mary@example.org', '2020-06-19T10:22:31',_.MaxDateTime2()  );
insert into Address (Id, PersonId, StreetAddress, City, State, PostalCode, SysStatus, SysUser, SysStart, SysEnd)
	values (-22, -42, '81687 Amoth Court', 'Durham', 'NC', '27705', 0, 'james@example.org', '2020-06-19T10:22:31',_.MaxDateTime2()  );
insert into Address (Id, PersonId, StreetAddress, City, State, PostalCode, SysStatus, SysUser, SysStart, SysEnd)
	values (-23, -42, '667 Buhler Center', 'Fort Lauderdale', 'FL', '33355', 0, 'james@example.org', '2020-06-19T10:22:31',_.MaxDateTime2()  );
insert into Address (Id, PersonId, StreetAddress, City, State, PostalCode, SysStatus, SysUser, SysStart, SysEnd)
	values (-24, -40, '1 Monica Circle', 'Miami', 'FL', '33129', 0, 'james@example.org', '2020-06-19T10:22:31',_.MaxDateTime2()  );
insert into Address (Id, PersonId, StreetAddress, City, State, PostalCode, SysStatus, SysUser, SysStart, SysEnd)
	values (-25, -62, '184 Norway Maple Pass', 'Mobile', 'AL', '36628', 0, 'mary@example.org', '2020-06-19T10:22:31',_.MaxDateTime2()  );
insert into Address (Id, PersonId, StreetAddress, City, State, PostalCode, SysStatus, SysUser, SysStart, SysEnd)
	values (-26, -33, '9989 Dayton Park', 'Duluth', 'MN', '55805', 0, 'james@example.org', '2020-06-19T10:22:31',_.MaxDateTime2()  );
insert into Address (Id, PersonId, StreetAddress, City, State, PostalCode, SysStatus, SysUser, SysStart, SysEnd)
	values (-27, -92, '44841 Little Fleur Street', 'Saint Paul', 'MN', '55146', 0, 'james@example.org', '2020-06-19T10:22:31',_.MaxDateTime2()  );
insert into Address (Id, PersonId, StreetAddress, City, State, PostalCode, SysStatus, SysUser, SysStart, SysEnd)
	values (-28, -24, '9 Forster Lane', 'Atlanta', 'GA', '30392', 0, 'mary@example.org', '2020-06-19T10:22:31',_.MaxDateTime2()  );
insert into Address (Id, PersonId, StreetAddress, City, State, PostalCode, SysStatus, SysUser, SysStart, SysEnd)
	values (-29, -20, '5513 Dexter Street', 'Kent', 'WA', '98042', 0, 'mary@example.org', '2020-06-19T10:22:31',_.MaxDateTime2()  );
insert into Address (Id, PersonId, StreetAddress, City, State, PostalCode, SysStatus, SysUser, SysStart, SysEnd)
	values (-30, -19, '1 Express Junction', 'Sacramento', 'CA', '95823', 0, 'james@example.org', '2020-06-19T10:22:31',_.MaxDateTime2()  );
insert into Address (Id, PersonId, StreetAddress, City, State, PostalCode, SysStatus, SysUser, SysStart, SysEnd)
	values (-31, -19, '6049 Hazelcrest Court', 'San Jose', 'CA', '95155', 0, 'james@example.org', '2020-06-19T10:22:31',_.MaxDateTime2()  );
insert into Address (Id, PersonId, StreetAddress, City, State, PostalCode, SysStatus, SysUser, SysStart, SysEnd)
	values (-32, -16, '4709 Troy Street', 'Phoenix', 'AZ', '85030', 0, 'mary@example.org', '2020-06-19T10:22:31',_.MaxDateTime2()  );
insert into Address (Id, PersonId, StreetAddress, City, State, PostalCode, SysStatus, SysUser, SysStart, SysEnd)
	values (-33, -11, '2061 Rowland Way', 'Saint Petersburg', 'FL', '33742', 0, 'mary@example.org', '2020-06-19T10:22:31',_.MaxDateTime2()  );
insert into Address (Id, PersonId, StreetAddress, City, State, PostalCode, SysStatus, SysUser, SysStart, SysEnd)
	values (-34, -41, '88 Bunting Junction', 'New York City', 'NY', '10131', 0, 'mary@example.org', '2020-06-19T10:22:31',_.MaxDateTime2()  );
insert into Address (Id, PersonId, StreetAddress, City, State, PostalCode, SysStatus, SysUser, SysStart, SysEnd)
	values (-35, -43, '1 Mayer Parkway', 'Newton', 'MA', '02162', 0, 'james@example.org', '2020-06-19T10:22:31',_.MaxDateTime2()  );
insert into Address (Id, PersonId, StreetAddress, City, State, PostalCode, SysStatus, SysUser, SysStart, SysEnd)
	values (-36, -82, '2552 Bobwhite Plaza', 'Minneapolis', 'MN', '55448', 0, 'james@example.org', '2020-06-19T10:22:31',_.MaxDateTime2()  );
insert into Address (Id, PersonId, StreetAddress, City, State, PostalCode, SysStatus, SysUser, SysStart, SysEnd)
	values (-37, -95, '4 North Street', 'Brooklyn', 'NY', '11215', 0, 'mary@example.org', '2020-06-19T10:22:31',_.MaxDateTime2()  );
insert into Address (Id, PersonId, StreetAddress, City, State, PostalCode, SysStatus, SysUser, SysStart, SysEnd)
	values (-38, -54, '19875 Bunting Road', 'Milwaukee', 'WI', '53234', 0, 'james@example.org', '2020-06-19T10:22:31',_.MaxDateTime2()  );
insert into Address (Id, PersonId, StreetAddress, City, State, PostalCode, SysStatus, SysUser, SysStart, SysEnd)
	values (-39, -84, '24897 Sunfield Lane', 'Washington', 'DC', '20397', 0, 'mary@example.org', '2020-06-19T10:22:31',_.MaxDateTime2()  );
insert into Address (Id, PersonId, StreetAddress, City, State, PostalCode, SysStatus, SysUser, SysStart, SysEnd)
	values (-40, -92, '10269 Mifflin Trail', 'Petaluma', 'CA', '94975', 0, 'james@example.org', '2020-06-19T10:22:31',_.MaxDateTime2()  );
insert into Address (Id, PersonId, StreetAddress, City, State, PostalCode, SysStatus, SysUser, SysStart, SysEnd)
	values (-41, -34, '13 Veith Terrace', 'Vancouver', 'WA', '98687', 0, 'mary@example.org', '2020-06-19T10:22:31',_.MaxDateTime2()  );
insert into Address (Id, PersonId, StreetAddress, City, State, PostalCode, SysStatus, SysUser, SysStart, SysEnd)
	values (-42, -79, '71 Thompson Hill', 'Rochester', 'MN', '55905', 0, 'mary@example.org', '2020-06-19T10:22:31',_.MaxDateTime2()  );
insert into Address (Id, PersonId, StreetAddress, City, State, PostalCode, SysStatus, SysUser, SysStart, SysEnd)
	values (-43, -35, '1804 Crescent Oaks Court', 'Spokane', 'WA', '99205', 0, 'james@example.org', '2020-06-19T10:22:31',_.MaxDateTime2()  );
insert into Address (Id, PersonId, StreetAddress, City, State, PostalCode, SysStatus, SysUser, SysStart, SysEnd)
	values (-44, -73, '0 Sugar Center', 'Norwalk', 'CT', '06854', 0, 'james@example.org', '2020-06-19T10:22:31',_.MaxDateTime2()  );
insert into Address (Id, PersonId, StreetAddress, City, State, PostalCode, SysStatus, SysUser, SysStart, SysEnd)
	values (-45, -29, '062 Messerschmidt Way', 'Greensboro', 'NC', '27425', 0, 'james@example.org', '2020-06-19T10:22:31',_.MaxDateTime2()  );
insert into Address (Id, PersonId, StreetAddress, City, State, PostalCode, SysStatus, SysUser, SysStart, SysEnd)
	values (-46, -68, '6623 Duke Alley', 'Denver', 'CO', '80255', 0, 'james@example.org', '2020-06-19T10:22:31',_.MaxDateTime2()  );
insert into Address (Id, PersonId, StreetAddress, City, State, PostalCode, SysStatus, SysUser, SysStart, SysEnd)
	values (-47, -5, '951 Stuart Plaza', 'Olympia', 'WA', '98516', 0, 'mary@example.org', '2020-06-19T10:22:31',_.MaxDateTime2()  );
insert into Address (Id, PersonId, StreetAddress, City, State, PostalCode, SysStatus, SysUser, SysStart, SysEnd)
	values (-48, -89, '32 Farragut Avenue', 'Albany', 'GA', '31704', 0, 'james@example.org', '2020-06-19T10:22:31',_.MaxDateTime2()  );
insert into Address (Id, PersonId, StreetAddress, City, State, PostalCode, SysStatus, SysUser, SysStart, SysEnd)
	values (-49, -94, '02781 Anderson Parkway', 'Duluth', 'MN', '55805', 0, 'mary@example.org', '2020-06-19T10:22:31',_.MaxDateTime2()  );
insert into Address (Id, PersonId, StreetAddress, City, State, PostalCode, SysStatus, SysUser, SysStart, SysEnd)
	values (-50, -48, '814 Kropf Alley', 'Evanston', 'IL', '60208', 0, 'james@example.org', '2020-06-19T10:22:31',_.MaxDateTime2()  );
insert into Address (Id, PersonId, StreetAddress, City, State, PostalCode, SysStatus, SysUser, SysStart, SysEnd)
	values (-51, -21, '67135 Spaight Circle', 'Las Vegas', 'NV', '89120', 0, 'james@example.org', '2020-06-19T10:22:31',_.MaxDateTime2()  );
insert into Address (Id, PersonId, StreetAddress, City, State, PostalCode, SysStatus, SysUser, SysStart, SysEnd)
	values (-52, -35, '850 Almo Trail', 'Rochester', 'NY', '14652', 0, 'james@example.org', '2020-06-19T10:22:31',_.MaxDateTime2()  );
insert into Address (Id, PersonId, StreetAddress, City, State, PostalCode, SysStatus, SysUser, SysStart, SysEnd)
	values (-53, -54, '747 Montana Street', 'Charleston', 'WV', '25331', 0, 'james@example.org', '2020-06-19T10:22:31',_.MaxDateTime2()  );
insert into Address (Id, PersonId, StreetAddress, City, State, PostalCode, SysStatus, SysUser, SysStart, SysEnd)
	values (-54, -83, '7268 Troy Parkway', 'Great Neck', 'NY', '11024', 0, 'james@example.org', '2020-06-19T10:22:31',_.MaxDateTime2()  );
insert into Address (Id, PersonId, StreetAddress, City, State, PostalCode, SysStatus, SysUser, SysStart, SysEnd)
	values (-55, -85, '34544 Cambridge Avenue', 'Winston Salem', 'NC', '27157', 0, 'james@example.org', '2020-06-19T10:22:31',_.MaxDateTime2()  );
insert into Address (Id, PersonId, StreetAddress, City, State, PostalCode, SysStatus, SysUser, SysStart, SysEnd)
	values (-56, -49, '35 Bunting Hill', 'San Diego', 'CA', '92186', 0, 'james@example.org', '2020-06-19T10:22:31',_.MaxDateTime2()  );
insert into Address (Id, PersonId, StreetAddress, City, State, PostalCode, SysStatus, SysUser, SysStart, SysEnd)
	values (-57, -63, '6 Westerfield Crossing', 'Staten Island', 'NY', '10305', 0, 'james@example.org', '2020-06-19T10:22:31',_.MaxDateTime2()  );
insert into Address (Id, PersonId, StreetAddress, City, State, PostalCode, SysStatus, SysUser, SysStart, SysEnd)
	values (-58, -28, '3694 Waxwing Trail', 'Hartford', 'CT', '06120', 0, 'mary@example.org', '2020-06-19T10:22:31',_.MaxDateTime2()  );
insert into Address (Id, PersonId, StreetAddress, City, State, PostalCode, SysStatus, SysUser, SysStart, SysEnd)
	values (-59, -29, '61980 Cody Junction', 'Mobile', 'AL', '36670', 0, 'mary@example.org', '2020-06-19T10:22:31',_.MaxDateTime2()  );
insert into Address (Id, PersonId, StreetAddress, City, State, PostalCode, SysStatus, SysUser, SysStart, SysEnd)
	values (-60, -66, '7902 7th Point', 'Springfield', 'OH', '45505', 0, 'mary@example.org', '2020-06-19T10:22:31',_.MaxDateTime2()  );
insert into Address (Id, PersonId, StreetAddress, City, State, PostalCode, SysStatus, SysUser, SysStart, SysEnd)
	values (-61, -99, '31 Village Drive', 'Indianapolis', 'IN', '46254', 0, 'mary@example.org', '2020-06-19T10:22:31',_.MaxDateTime2()  );
insert into Address (Id, PersonId, StreetAddress, City, State, PostalCode, SysStatus, SysUser, SysStart, SysEnd)
	values (-62, -23, '52 Charing Cross Crossing', 'Ocala', 'FL', '34474', 0, 'mary@example.org', '2020-06-19T10:22:31',_.MaxDateTime2()  );
insert into Address (Id, PersonId, StreetAddress, City, State, PostalCode, SysStatus, SysUser, SysStart, SysEnd)
	values (-63, -3, '3689 Springview Crossing', 'Boston', 'MA', '02216', 0, 'james@example.org', '2020-06-19T10:22:31',_.MaxDateTime2()  );
insert into Address (Id, PersonId, StreetAddress, City, State, PostalCode, SysStatus, SysUser, SysStart, SysEnd)
	values (-64, -98, '3 Lighthouse Bay Junction', 'Pasadena', 'CA', '91186', 0, 'mary@example.org', '2020-06-19T10:22:31',_.MaxDateTime2()  );
insert into Address (Id, PersonId, StreetAddress, City, State, PostalCode, SysStatus, SysUser, SysStart, SysEnd)
	values (-65, -79, '6 Crowley Crossing', 'Fresno', 'CA', '93750', 0, 'james@example.org', '2020-06-19T10:22:31',_.MaxDateTime2()  );
insert into Address (Id, PersonId, StreetAddress, City, State, PostalCode, SysStatus, SysUser, SysStart, SysEnd)
	values (-66, -44, '5234 Sunbrook Way', 'Corpus Christi', 'TX', '78475', 0, 'mary@example.org', '2020-06-19T10:22:31',_.MaxDateTime2()  );
insert into Address (Id, PersonId, StreetAddress, City, State, PostalCode, SysStatus, SysUser, SysStart, SysEnd)
	values (-67, -81, '2863 Texas Trail', 'Richmond', 'VA', '23277', 0, 'james@example.org', '2020-06-19T10:22:31',_.MaxDateTime2()  );
insert into Address (Id, PersonId, StreetAddress, City, State, PostalCode, SysStatus, SysUser, SysStart, SysEnd)
	values (-68, -67, '9206 Prentice Way', 'Pensacola', 'FL', '32575', 0, 'mary@example.org', '2020-06-19T10:22:31',_.MaxDateTime2()  );
insert into Address (Id, PersonId, StreetAddress, City, State, PostalCode, SysStatus, SysUser, SysStart, SysEnd)
	values (-69, -28, '4 Warner Park', 'Marietta', 'GA', '30061', 0, 'james@example.org', '2020-06-19T10:22:31',_.MaxDateTime2()  );
insert into Address (Id, PersonId, StreetAddress, City, State, PostalCode, SysStatus, SysUser, SysStart, SysEnd)
	values (-70, -69, '60307 Jay Junction', 'Albany', 'NY', '12205', 0, 'james@example.org', '2020-06-19T10:22:31',_.MaxDateTime2()  );
insert into Address (Id, PersonId, StreetAddress, City, State, PostalCode, SysStatus, SysUser, SysStart, SysEnd)
	values (-71, -32, '0951 Charing Cross Drive', 'Long Beach', 'CA', '90840', 0, 'mary@example.org', '2020-06-19T10:22:31',_.MaxDateTime2()  );
insert into Address (Id, PersonId, StreetAddress, City, State, PostalCode, SysStatus, SysUser, SysStart, SysEnd)
	values (-72, -65, '4851 Packers Way', 'Midland', 'TX', '79710', 0, 'james@example.org', '2020-06-19T10:22:31',_.MaxDateTime2()  );
insert into Address (Id, PersonId, StreetAddress, City, State, PostalCode, SysStatus, SysUser, SysStart, SysEnd)
	values (-73, -20, '602 Arapahoe Trail', 'Katy', 'TX', '77493', 0, 'james@example.org', '2020-06-19T10:22:31',_.MaxDateTime2()  );
insert into Address (Id, PersonId, StreetAddress, City, State, PostalCode, SysStatus, SysUser, SysStart, SysEnd)
	values (-74, -24, '649 Macpherson Lane', 'Birmingham', 'AL', '35285', 0, 'mary@example.org', '2020-06-19T10:22:31',_.MaxDateTime2()  );
insert into Address (Id, PersonId, StreetAddress, City, State, PostalCode, SysStatus, SysUser, SysStart, SysEnd)
	values (-75, -97, '636 Briar Crest Court', 'Winston Salem', 'NC', '27157', 0, 'mary@example.org', '2020-06-19T10:22:31',_.MaxDateTime2()  );
insert into Address (Id, PersonId, StreetAddress, City, State, PostalCode, SysStatus, SysUser, SysStart, SysEnd)
	values (-76, -65, '3 Bobwhite Junction', 'San Diego', 'CA', '92110', 0, 'james@example.org', '2020-06-19T10:22:31',_.MaxDateTime2()  );
insert into Address (Id, PersonId, StreetAddress, City, State, PostalCode, SysStatus, SysUser, SysStart, SysEnd)
	values (-77, -80, '9920 Buena Vista Crossing', 'Monticello', 'MN', '55565', 0, 'mary@example.org', '2020-06-19T10:22:31',_.MaxDateTime2()  );
insert into Address (Id, PersonId, StreetAddress, City, State, PostalCode, SysStatus, SysUser, SysStart, SysEnd)
	values (-78, -78, '00 Northridge Way', 'San Antonio', 'TX', '78245', 0, 'mary@example.org', '2020-06-19T10:22:31',_.MaxDateTime2()  );
insert into Address (Id, PersonId, StreetAddress, City, State, PostalCode, SysStatus, SysUser, SysStart, SysEnd)
	values (-79, -76, '1947 Hoepker Place', 'Evansville', 'IN', '47725', 0, 'james@example.org', '2020-06-19T10:22:31',_.MaxDateTime2()  );
insert into Address (Id, PersonId, StreetAddress, City, State, PostalCode, SysStatus, SysUser, SysStart, SysEnd)
	values (-80, -49, '9061 Anhalt Junction', 0, 'jackson', 'MS', '39296', 0, 'james@example.org', '2020-06-19T10:22:31',_.MaxDateTime2()  );
insert into Address (Id, PersonId, StreetAddress, City, State, PostalCode, SysStatus, SysUser, SysStart, SysEnd)
	values (-81, -10, '04002 Welch Circle', 'Van Nuys', 'CA', '91411', 0, 'james@example.org', '2020-06-19T10:22:31',_.MaxDateTime2()  );
insert into Address (Id, PersonId, StreetAddress, City, State, PostalCode, SysStatus, SysUser, SysStart, SysEnd)
	values (-82, -81, '16690 Laurel Road', 'Charlotte', 'NC', '28210', 0, 'james@example.org', '2020-06-19T10:22:31',_.MaxDateTime2()  );
insert into Address (Id, PersonId, StreetAddress, City, State, PostalCode, SysStatus, SysUser, SysStart, SysEnd)
	values (-83, -14, '81 Butterfield Terrace', 'Richmond', 'VA', '23208', 0, 'mary@example.org', '2020-06-19T10:22:31',_.MaxDateTime2()  );
insert into Address (Id, PersonId, StreetAddress, City, State, PostalCode, SysStatus, SysUser, SysStart, SysEnd)
	values (-84, -63, '72303 Bultman Junction', 'Gainesville', 'FL', '32605', 0, 'james@example.org', '2020-06-19T10:22:31',_.MaxDateTime2()  );
insert into Address (Id, PersonId, StreetAddress, City, State, PostalCode, SysStatus, SysUser, SysStart, SysEnd)
	values (-85, -5, '7 Sherman Avenue', 'Ridgely', 'MD', '21684', 0, 'james@example.org', '2020-06-19T10:22:31',_.MaxDateTime2()  );
insert into Address (Id, PersonId, StreetAddress, City, State, PostalCode, SysStatus, SysUser, SysStart, SysEnd)
	values (-86, -77, '315 Emmet Place', 'Green Bay', 'WI', '54313', 0, 'mary@example.org', '2020-06-19T10:22:31',_.MaxDateTime2()  );
insert into Address (Id, PersonId, StreetAddress, City, State, PostalCode, SysStatus, SysUser, SysStart, SysEnd)
	values (-87, -87, '25 Sycamore Pass', 'Winston Salem', 'NC', '27150', 0, 'james@example.org', '2020-06-19T10:22:31',_.MaxDateTime2()  );
insert into Address (Id, PersonId, StreetAddress, City, State, PostalCode, SysStatus, SysUser, SysStart, SysEnd)
	values (-88, -92, '225 Becker Hill', 'Birmingham', 'AL', '35225', 0, 'james@example.org', '2020-06-19T10:22:31',_.MaxDateTime2()  );
insert into Address (Id, PersonId, StreetAddress, City, State, PostalCode, SysStatus, SysUser, SysStart, SysEnd)
	values (-89, -49, '76 Gateway Pass', 'Dallas', 'TX', '75231', 0, 'mary@example.org', '2020-06-19T10:22:31',_.MaxDateTime2()  );
insert into Address (Id, PersonId, StreetAddress, City, State, PostalCode, SysStatus, SysUser, SysStart, SysEnd)
	values (-90, -75, '137 Maple Circle', 'Los Angeles', 'CA', '90020', 0, 'james@example.org', '2020-06-19T10:22:31',_.MaxDateTime2()  );
insert into Address (Id, PersonId, StreetAddress, City, State, PostalCode, SysStatus, SysUser, SysStart, SysEnd)
	values (-91, -59, '51 Monument Pass', 'Pasadena', 'CA', '91103', 0, 'mary@example.org', '2020-06-19T10:22:31',_.MaxDateTime2()  );
insert into Address (Id, PersonId, StreetAddress, City, State, PostalCode, SysStatus, SysUser, SysStart, SysEnd)
	values (-92, -68, '80831 Havey Pass', 'Austin', 'TX', '78715', 0, 'mary@example.org', '2020-06-19T10:22:31',_.MaxDateTime2()  );
insert into Address (Id, PersonId, StreetAddress, City, State, PostalCode, SysStatus, SysUser, SysStart, SysEnd)
	values (-93, -4, '1863 Reinke Hill', 'Lehigh Acres', 'FL', '33972', 0, 'james@example.org', '2020-06-19T10:22:31',_.MaxDateTime2()  );
insert into Address (Id, PersonId, StreetAddress, City, State, PostalCode, SysStatus, SysUser, SysStart, SysEnd)
	values (-94, -4, '6 Stang Road', 'Paterson', 'NJ', '07505', 0, 'mary@example.org', '2020-06-19T10:22:31',_.MaxDateTime2()  );
insert into Address (Id, PersonId, StreetAddress, City, State, PostalCode, SysStatus, SysUser, SysStart, SysEnd)
	values (-95, -16, '0 Kropf Street', 'Newport News', 'VA', '23605', 0, 'mary@example.org', '2020-06-19T10:22:31',_.MaxDateTime2()  );
insert into Address (Id, PersonId, StreetAddress, City, State, PostalCode, SysStatus, SysUser, SysStart, SysEnd)
	values (-96, -85, '4484 Sycamore Plaza', 'Washington', 'DC', '20226', 0, 'mary@example.org', '2020-06-19T10:22:31',_.MaxDateTime2()  );
insert into Address (Id, PersonId, StreetAddress, City, State, PostalCode, SysStatus, SysUser, SysStart, SysEnd)
	values (-97, -72, '90 Village Green Crossing', 'Beaverton', 'OR', '97075', 0, 'james@example.org', '2020-06-19T10:22:31',_.MaxDateTime2()  );
insert into Address (Id, PersonId, StreetAddress, City, State, PostalCode, SysStatus, SysUser, SysStart, SysEnd)
	values (-98, -42, '710 Rieder Drive', 'Houston', 'TX', '77250', 0, 'mary@example.org', '2020-06-19T10:22:31',_.MaxDateTime2()  );
insert into Address (Id, PersonId, StreetAddress, City, State, PostalCode, SysStatus, SysUser, SysStart, SysEnd)
	values (-99, -94, '76920 Bunting Lane', 'Buffalo', 'NY', '14233', 0, 'james@example.org', '2020-06-19T10:22:31',_.MaxDateTime2()  );
insert into Address (Id, PersonId, StreetAddress, City, State, PostalCode, SysStatus, SysUser, SysStart, SysEnd)
	values (-100, -27, '217 Schurz Circle', 'Salt Lake City', 'UT', '84120', 0, 'james@example.org', '2020-06-19T10:22:31',_.MaxDateTime2()  );
insert into Address (Id, PersonId, StreetAddress, City, State, PostalCode, SysStatus, SysUser, SysStart, SysEnd)
	values (-101, -37, '26813 Troy Center', 'New York City', 'NY', '10110', 0, 'mary@example.org', '2020-06-19T10:22:31',_.MaxDateTime2()  );
insert into Address (Id, PersonId, StreetAddress, City, State, PostalCode, SysStatus, SysUser, SysStart, SysEnd)
	values (-102, -27, '980 Burning Wood Point', 'Washington', 'DC', '20392', 0, 'james@example.org', '2020-06-19T10:22:31',_.MaxDateTime2()  );
insert into Address (Id, PersonId, StreetAddress, City, State, PostalCode, SysStatus, SysUser, SysStart, SysEnd)
	values (-103, -70, '2 Randy Plaza', 'Harrisburg', 'PA', '17140', 0, 'mary@example.org', '2020-06-19T10:22:31',_.MaxDateTime2()  );
insert into Address (Id, PersonId, StreetAddress, City, State, PostalCode, SysStatus, SysUser, SysStart, SysEnd)
	values (-104, -30, '0031 Washington Crossing', 'Kissimmee', 'FL', '34745', 0, 'mary@example.org', '2020-06-19T10:22:31',_.MaxDateTime2()  );
insert into Address (Id, PersonId, StreetAddress, City, State, PostalCode, SysStatus, SysUser, SysStart, SysEnd)
	values (-105, -13, '1124 Aberg Street', 'Springfield', 'IL', '62764', 0, 'james@example.org', '2020-06-19T10:22:31',_.MaxDateTime2()  );
insert into Address (Id, PersonId, StreetAddress, City, State, PostalCode, SysStatus, SysUser, SysStart, SysEnd)
	values (-106, -88, '79 Sauthoff Point', 'Anchorage', 'AK', '99522', 0, 'mary@example.org', '2020-06-19T10:22:31',_.MaxDateTime2()  );
insert into Address (Id, PersonId, StreetAddress, City, State, PostalCode, SysStatus, SysUser, SysStart, SysEnd)
	values (-107, -88, '9205 Bunting Crossing', 'Chicago', 'IL', '60657', 0, 'mary@example.org', '2020-06-19T10:22:31',_.MaxDateTime2()  );
insert into Address (Id, PersonId, StreetAddress, City, State, PostalCode, SysStatus, SysUser, SysStart, SysEnd)
	values (-108, -90, '259 Rieder Alley', 'Pueblo', 'CO', '81010', 0, 'james@example.org', '2020-06-19T10:22:31',_.MaxDateTime2()  );
insert into Address (Id, PersonId, StreetAddress, City, State, PostalCode, SysStatus, SysUser, SysStart, SysEnd)
	values (-109, -31, '970 Warrior Pass', 'Corpus Christi', 'TX', '78470', 0, 'james@example.org', '2020-06-19T10:22:31',_.MaxDateTime2()  );
insert into Address (Id, PersonId, StreetAddress, City, State, PostalCode, SysStatus, SysUser, SysStart, SysEnd)
	values (-110, -60, '62 5th Way', 'Gainesville', 'GA', '30506', 0, 'james@example.org', '2020-06-19T10:22:31',_.MaxDateTime2()  );
insert into Address (Id, PersonId, StreetAddress, City, State, PostalCode, SysStatus, SysUser, SysStart, SysEnd)
	values (-111, -54, '3928 Sutherland Center', 'El Paso', 'TX', '79905', 0, 'mary@example.org', '2020-06-19T10:22:31',_.MaxDateTime2()  );
insert into Address (Id, PersonId, StreetAddress, City, State, PostalCode, SysStatus, SysUser, SysStart, SysEnd)
	values (-112, -71, '58 Rieder Center', 'New York City', 'NY', '10090', 0, 'mary@example.org', '2020-06-19T10:22:31',_.MaxDateTime2()  );
insert into Address (Id, PersonId, StreetAddress, City, State, PostalCode, SysStatus, SysUser, SysStart, SysEnd)
	values (-113, -50, '94299 Northport Lane', 'San Bernardino', 'CA', '92424', 0, 'james@example.org', '2020-06-19T10:22:31',_.MaxDateTime2()  );
insert into Address (Id, PersonId, StreetAddress, City, State, PostalCode, SysStatus, SysUser, SysStart, SysEnd)
	values (-114, -29, '15755 Dovetail Junction', 'Austin', 'TX', '78744', 0, 'mary@example.org', '2020-06-19T10:22:31',_.MaxDateTime2()  );
insert into Address (Id, PersonId, StreetAddress, City, State, PostalCode, SysStatus, SysUser, SysStart, SysEnd)
	values (-115, -96, '93 Goodland Plaza', 'Sacramento', 'CA', '94273', 0, 'mary@example.org', '2020-06-19T10:22:31',_.MaxDateTime2()  );
insert into Address (Id, PersonId, StreetAddress, City, State, PostalCode, SysStatus, SysUser, SysStart, SysEnd)
	values (-116, -79, '869 Novick Lane', 'San Antonio', 'TX', '78250', 0, 'mary@example.org', '2020-06-19T10:22:31',_.MaxDateTime2()  );
insert into Address (Id, PersonId, StreetAddress, City, State, PostalCode, SysStatus, SysUser, SysStart, SysEnd)
	values (-117, -36, '09 Eliot Center', 'Charleston', 'WV', '25356', 0, 'mary@example.org', '2020-06-19T10:22:31',_.MaxDateTime2()  );
insert into Address (Id, PersonId, StreetAddress, City, State, PostalCode, SysStatus, SysUser, SysStart, SysEnd)
	values (-118, -96, '21974 Crest Line Place', 'Colorado Springs', 'CO', '80910', 0, 'james@example.org', '2020-06-19T10:22:31',_.MaxDateTime2()  );
insert into Address (Id, PersonId, StreetAddress, City, State, PostalCode, SysStatus, SysUser, SysStart, SysEnd)
	values (-119, -60, '52 Hoffman Alley', 'El Paso', 'TX', '79955', 0, 'mary@example.org', '2020-06-19T10:22:31',_.MaxDateTime2()  );
insert into Address (Id, PersonId, StreetAddress, City, State, PostalCode, SysStatus, SysUser, SysStart, SysEnd)
	values (-120, -28, '98 Laurel Street', 'Monticello', 'MN', '55585', 0, 'james@example.org', '2020-06-19T10:22:31',_.MaxDateTime2()  );
insert into Address (Id, PersonId, StreetAddress, City, State, PostalCode, SysStatus, SysUser, SysStart, SysEnd)
	values (-121, -25, '1 Russell Place', 'Orlando', 'FL', '32803', 0, 'mary@example.org', '2020-06-19T10:22:31',_.MaxDateTime2()  );
insert into Address (Id, PersonId, StreetAddress, City, State, PostalCode, SysStatus, SysUser, SysStart, SysEnd)
	values (-122, -7, '3564 Knutson Street', 'Southfield', 'MI', '48076', 0, 'mary@example.org', '2020-06-19T10:22:31',_.MaxDateTime2()  );
insert into Address (Id, PersonId, StreetAddress, City, State, PostalCode, SysStatus, SysUser, SysStart, SysEnd)
	values (-123, -38, '792 Transport Alley', 'San Bernardino', 'CA', '92405', 0, 'mary@example.org', '2020-06-19T10:22:31',_.MaxDateTime2()  );
insert into Address (Id, PersonId, StreetAddress, City, State, PostalCode, SysStatus, SysUser, SysStart, SysEnd)
	values (-124, -61, '930 Clyde Gallagher Circle', 'Tacoma', 'WA', '98424', 0, 'mary@example.org', '2020-06-19T10:22:31',_.MaxDateTime2()  );
insert into Address (Id, PersonId, StreetAddress, City, State, PostalCode, SysStatus, SysUser, SysStart, SysEnd)
	values (-125, -66, '9361 West Drive', 0, 'jackson', 'MS', '39210', 0, 'james@example.org', '2020-06-19T10:22:31',_.MaxDateTime2()  );
insert into Address (Id, PersonId, StreetAddress, City, State, PostalCode, SysStatus, SysUser, SysStart, SysEnd)
	values (-126, -74, '4 Namekagon Park', 'Louisville', 'KY', '40210', 0, 'mary@example.org', '2020-06-19T10:22:31',_.MaxDateTime2()  );
insert into Address (Id, PersonId, StreetAddress, City, State, PostalCode, SysStatus, SysUser, SysStart, SysEnd)
	values (-127, -26, '4505 Golden Leaf Junction', 'Columbus', 'OH', '43210', 0, 'james@example.org', '2020-06-19T10:22:31',_.MaxDateTime2()  );
insert into Address (Id, PersonId, StreetAddress, City, State, PostalCode, SysStatus, SysUser, SysStart, SysEnd)
	values (-128, -66, '2 Forest Run Drive', 'Columbus', 'GA', '31998', 0, 'james@example.org', '2020-06-19T10:22:31',_.MaxDateTime2()  );
insert into Address (Id, PersonId, StreetAddress, City, State, PostalCode, SysStatus, SysUser, SysStart, SysEnd)
	values (-129, -9, '19284 Union Terrace', 'Brooklyn', 'NY', '11254', 0, 'mary@example.org', '2020-06-19T10:22:31',_.MaxDateTime2()  );
insert into Address (Id, PersonId, StreetAddress, City, State, PostalCode, SysStatus, SysUser, SysStart, SysEnd)
	values (-130, -59, '23746 Parkside Point', 'Dallas', 'TX', '75353', 0, 'mary@example.org', '2020-06-19T10:22:31',_.MaxDateTime2()  );
insert into Address (Id, PersonId, StreetAddress, City, State, PostalCode, SysStatus, SysUser, SysStart, SysEnd)
	values (-131, -78, '3 Northview Trail', 'Youngstown', 'OH', '44505', 0, 'mary@example.org', '2020-06-19T10:22:31',_.MaxDateTime2()  );
insert into Address (Id, PersonId, StreetAddress, City, State, PostalCode, SysStatus, SysUser, SysStart, SysEnd)
	values (-132, -89, '92681 Riverside Court', 'Sterling', 'VA', '20167', 0, 'james@example.org', '2020-06-19T10:22:31',_.MaxDateTime2()  );
insert into Address (Id, PersonId, StreetAddress, City, State, PostalCode, SysStatus, SysUser, SysStart, SysEnd)
	values (-133, -22, '331 Green Ridge Plaza', 'Grand Rapids', 'MI', '49518', 0, 'mary@example.org', '2020-06-19T10:22:31',_.MaxDateTime2()  );
insert into Address (Id, PersonId, StreetAddress, City, State, PostalCode, SysStatus, SysUser, SysStart, SysEnd)
	values (-134, -52, '3588 Sachs Alley', 'High Point', 'NC', '27264', 0, 'mary@example.org', '2020-06-19T10:22:31',_.MaxDateTime2()  );
insert into Address (Id, PersonId, StreetAddress, City, State, PostalCode, SysStatus, SysUser, SysStart, SysEnd)
	values (-135, -44, '3 Upham Crossing', 'Los Angeles', 'CA', '90040', 0, 'mary@example.org', '2020-06-19T10:22:31',_.MaxDateTime2()  );
insert into Address (Id, PersonId, StreetAddress, City, State, PostalCode, SysStatus, SysUser, SysStart, SysEnd)
	values (-136, -71, '18359 Bay Place', 'Denver', 'CO', '80209', 0, 'mary@example.org', '2020-06-19T10:22:31',_.MaxDateTime2()  );
insert into Address (Id, PersonId, StreetAddress, City, State, PostalCode, SysStatus, SysUser, SysStart, SysEnd)
	values (-137, -3, '4 Schmedeman Pass', 'New York City', 'NY', '10029', 0, 'mary@example.org', '2020-06-19T10:22:31',_.MaxDateTime2()  );
insert into Address (Id, PersonId, StreetAddress, City, State, PostalCode, SysStatus, SysUser, SysStart, SysEnd)
	values (-138, -77, '1 Lotheville Lane', 'Indianapolis', 'IN', '46226', 0, 'james@example.org', '2020-06-19T10:22:31',_.MaxDateTime2()  );
insert into Address (Id, PersonId, StreetAddress, City, State, PostalCode, SysStatus, SysUser, SysStart, SysEnd)
	values (-139, -48, '1 Londonderry Point', 'Montgomery', 'AL', '36104', 0, 'james@example.org', '2020-06-19T10:22:31',_.MaxDateTime2()  );
insert into Address (Id, PersonId, StreetAddress, City, State, PostalCode, SysStatus, SysUser, SysStart, SysEnd)
	values (-140, -43, '721 Vidon Avenue', 'Greensboro', 'NC', '27499', 0, 'james@example.org', '2020-06-19T10:22:31',_.MaxDateTime2()  );
insert into Address (Id, PersonId, StreetAddress, City, State, PostalCode, SysStatus, SysUser, SysStart, SysEnd)
	values (-141, -70, '7 Holy Cross Trail', 'Punta Gorda', 'FL', '33982', 0, 'mary@example.org', '2020-06-19T10:22:31',_.MaxDateTime2()  );
insert into Address (Id, PersonId, StreetAddress, City, State, PostalCode, SysStatus, SysUser, SysStart, SysEnd)
	values (-142, -68, '35 Thompson Hill', 'Saginaw', 'MI', '48609', 0, 'mary@example.org', '2020-06-19T10:22:31',_.MaxDateTime2()  );
insert into Address (Id, PersonId, StreetAddress, City, State, PostalCode, SysStatus, SysUser, SysStart, SysEnd)
	values (-143, -93, '77703 Judy Parkway', 'Arlington', 'VA', '22234', 0, 'james@example.org', '2020-06-19T10:22:31',_.MaxDateTime2()  );
insert into Address (Id, PersonId, StreetAddress, City, State, PostalCode, SysStatus, SysUser, SysStart, SysEnd)
	values (-144, -48, '11 Coolidge Way', 'Baton Rouge', 'LA', '70826', 0, 'mary@example.org', '2020-06-19T10:22:31',_.MaxDateTime2()  );
insert into Address (Id, PersonId, StreetAddress, City, State, PostalCode, SysStatus, SysUser, SysStart, SysEnd)
	values (-145, -14, '602 Carey Avenue', 'Oklahoma City', 'OK', '73109', 0, 'mary@example.org', '2020-06-19T10:22:31',_.MaxDateTime2()  );
insert into Address (Id, PersonId, StreetAddress, City, State, PostalCode, SysStatus, SysUser, SysStart, SysEnd)
	values (-146, -44, '8 Loeprich Junction', 'Wilmington', 'DE', '19897', 0, 'mary@example.org', '2020-06-19T10:22:31',_.MaxDateTime2()  );
insert into Address (Id, PersonId, StreetAddress, City, State, PostalCode, SysStatus, SysUser, SysStart, SysEnd)
	values (-147, -34, '21784 Weeping Birch Way', 'Durham', 'NC', '27717', 0, 'james@example.org', '2020-06-19T10:22:31',_.MaxDateTime2()  );
insert into Address (Id, PersonId, StreetAddress, City, State, PostalCode, SysStatus, SysUser, SysStart, SysEnd)
	values (-148, -53, '688 Tennyson Junction', 'Charlotte', 'NC', '28289', 0, 'mary@example.org', '2020-06-19T10:22:31',_.MaxDateTime2()  );
insert into Address (Id, PersonId, StreetAddress, City, State, PostalCode, SysStatus, SysUser, SysStart, SysEnd)
	values (-149, -95, '98762 Fallview Hill', 'Anderson', 'IN', '46015', 0, 'mary@example.org', '2020-06-19T10:22:31',_.MaxDateTime2()  );
insert into Address (Id, PersonId, StreetAddress, City, State, PostalCode, SysStatus, SysUser, SysStart, SysEnd)
	values (-150, -46, '41 Bunting Pass', 'Brooksville', 'FL', '34605', 0, 'james@example.org', '2020-06-19T10:22:31',_.MaxDateTime2()  );
insert into Address (Id, PersonId, StreetAddress, City, State, PostalCode, SysStatus, SysUser, SysStart, SysEnd)
	values (-151, -96, '88 Maple Wood Plaza', 'Cleveland', 'OH', '44111', 0, 'mary@example.org', '2020-06-19T10:22:31',_.MaxDateTime2()  );
insert into Address (Id, PersonId, StreetAddress, City, State, PostalCode, SysStatus, SysUser, SysStart, SysEnd)
	values (-152, -69, '2 Petterle Pass', 'Portland', 'OR', '97232', 0, 'mary@example.org', '2020-06-19T10:22:31',_.MaxDateTime2()  );
insert into Address (Id, PersonId, StreetAddress, City, State, PostalCode, SysStatus, SysUser, SysStart, SysEnd)
	values (-153, -30, '8856 Cardinal Crossing', 'Washington', 'DC', '20299', 0, 'mary@example.org', '2020-06-19T10:22:31',_.MaxDateTime2()  );
insert into Address (Id, PersonId, StreetAddress, City, State, PostalCode, SysStatus, SysUser, SysStart, SysEnd)
	values (-154, -15, '31 Johnson Parkway', 'Kansas City', 'MO', '64114', 0, 'james@example.org', '2020-06-19T10:22:31',_.MaxDateTime2()  );
insert into Address (Id, PersonId, StreetAddress, City, State, PostalCode, SysStatus, SysUser, SysStart, SysEnd)
	values (-155, -99, '77157 Florence Point', 'Anchorage', 'AK', '99507', 0, 'james@example.org', '2020-06-19T10:22:31',_.MaxDateTime2()  );
insert into Address (Id, PersonId, StreetAddress, City, State, PostalCode, SysStatus, SysUser, SysStart, SysEnd)
	values (-156, -61, '1 Westport Pass', 'Chicago', 'IL', '60630', 0, 'james@example.org', '2020-06-19T10:22:31',_.MaxDateTime2()  );
insert into Address (Id, PersonId, StreetAddress, City, State, PostalCode, SysStatus, SysUser, SysStart, SysEnd)
	values (-157, -74, '1 Miller Court', 'Lynchburg', 'VA', '24515', 0, 'james@example.org', '2020-06-19T10:22:31',_.MaxDateTime2()  );
insert into Address (Id, PersonId, StreetAddress, City, State, PostalCode, SysStatus, SysUser, SysStart, SysEnd)
	values (-158, -13, '915 Luster Crossing', 'New York City', 'NY', '10029', 0, 'james@example.org', '2020-06-19T10:22:31',_.MaxDateTime2()  );
insert into Address (Id, PersonId, StreetAddress, City, State, PostalCode, SysStatus, SysUser, SysStart, SysEnd)
	values (-159, -85, '4630 Colorado Terrace', 'Charlotte', 'NC', '28256', 0, 'mary@example.org', '2020-06-19T10:22:31',_.MaxDateTime2()  );
insert into Address (Id, PersonId, StreetAddress, City, State, PostalCode, SysStatus, SysUser, SysStart, SysEnd)
	values (-160, -9, '29 Anthes Alley', 'Duluth', 'MN', '55805', 0, 'mary@example.org', '2020-06-19T10:22:31',_.MaxDateTime2()  );
insert into Address (Id, PersonId, StreetAddress, City, State, PostalCode, SysStatus, SysUser, SysStart, SysEnd)
	values (-161, -90, '5295 Stuart Pass', 'Newport News', 'VA', '23612', 0, 'mary@example.org', '2020-06-19T10:22:31',_.MaxDateTime2()  );
insert into Address (Id, PersonId, StreetAddress, City, State, PostalCode, SysStatus, SysUser, SysStart, SysEnd)
	values (-162, -1, '890 Londonderry Trail', 'Moreno Valley', 'CA', '92555', 0, 'mary@example.org', '2020-06-19T10:22:31',_.MaxDateTime2()  );
insert into Address (Id, PersonId, StreetAddress, City, State, PostalCode, SysStatus, SysUser, SysStart, SysEnd)
	values (-163, -18, '37 Bluestem Alley', 'Chicago', 'IL', '60614', 0, 'james@example.org', '2020-06-19T10:22:31',_.MaxDateTime2()  );
insert into Address (Id, PersonId, StreetAddress, City, State, PostalCode, SysStatus, SysUser, SysStart, SysEnd)
	values (-164, -55, '0 Pankratz Court', 'Springfield', 'MO', '65898', 0, 'james@example.org', '2020-06-19T10:22:31',_.MaxDateTime2()  );
insert into Address (Id, PersonId, StreetAddress, City, State, PostalCode, SysStatus, SysUser, SysStart, SysEnd)
	values (-165, -5, '9811 Lake View Park', 'Washington', 'DC', '20210', 0, 'mary@example.org', '2020-06-19T10:22:31',_.MaxDateTime2()  );
insert into Address (Id, PersonId, StreetAddress, City, State, PostalCode, SysStatus, SysUser, SysStart, SysEnd)
	values (-166, -76, '0 Nevada Point', 'Flushing', 'NY', '11355', 0, 'james@example.org', '2020-06-19T10:22:31',_.MaxDateTime2()  );
insert into Address (Id, PersonId, StreetAddress, City, State, PostalCode, SysStatus, SysUser, SysStart, SysEnd)
	values (-167, -75, '4215 Erie Place', 'Phoenix', 'AZ', '85053', 0, 'mary@example.org', '2020-06-19T10:22:31',_.MaxDateTime2()  );
insert into Address (Id, PersonId, StreetAddress, City, State, PostalCode, SysStatus, SysUser, SysStart, SysEnd)
	values (-168, -64, '61 Esker Terrace', 'Brooklyn', 'NY', '11231', 0, 'james@example.org', '2020-06-19T10:22:31',_.MaxDateTime2()  );
insert into Address (Id, PersonId, StreetAddress, City, State, PostalCode, SysStatus, SysUser, SysStart, SysEnd)
	values (-169, -58, '26 North Terrace', 'Peoria', 'IL', '61614', 0, 'james@example.org', '2020-06-19T10:22:31',_.MaxDateTime2()  );
insert into Address (Id, PersonId, StreetAddress, City, State, PostalCode, SysStatus, SysUser, SysStart, SysEnd)
	values (-170, -99, '55 Warrior Crossing', 'Indianapolis', 'IN', '46278', 0, 'james@example.org', '2020-06-19T10:22:31',_.MaxDateTime2()  );
insert into Address (Id, PersonId, StreetAddress, City, State, PostalCode, SysStatus, SysUser, SysStart, SysEnd)
	values (-171, -62, '2179 Orin Avenue', 'Tacoma', 'WA', '98442', 0, 'mary@example.org', '2020-06-19T10:22:31',_.MaxDateTime2()  );
insert into Address (Id, PersonId, StreetAddress, City, State, PostalCode, SysStatus, SysUser, SysStart, SysEnd)
	values (-172, -31, '805 Cascade Park', 'Spokane', 'WA', '99220', 0, 'mary@example.org', '2020-06-19T10:22:31',_.MaxDateTime2()  );
insert into Address (Id, PersonId, StreetAddress, City, State, PostalCode, SysStatus, SysUser, SysStart, SysEnd)
	values (-173, -80, '3 Pine View Lane', 'Saint Paul', 'MN', '55108', 0, 'mary@example.org', '2020-06-19T10:22:31',_.MaxDateTime2()  );
insert into Address (Id, PersonId, StreetAddress, City, State, PostalCode, SysStatus, SysUser, SysStart, SysEnd)
	values (-174, -19, '9912 Glendale Hill', 'Iowa City', 'IA', '52245', 0, 'james@example.org', '2020-06-19T10:22:31',_.MaxDateTime2()  );
insert into Address (Id, PersonId, StreetAddress, City, State, PostalCode, SysStatus, SysUser, SysStart, SysEnd)
	values (-175, -70, '12 Melvin Terrace', 'Portsmouth', 'NH', '03804', 0, 'james@example.org', '2020-06-19T10:22:31',_.MaxDateTime2()  );
insert into Address (Id, PersonId, StreetAddress, City, State, PostalCode, SysStatus, SysUser, SysStart, SysEnd)
	values (-176, -8, '037 Kennedy Parkway', 'Charlotte', 'NC', '28247', 0, 'james@example.org', '2020-06-19T10:22:31',_.MaxDateTime2()  );
insert into Address (Id, PersonId, StreetAddress, City, State, PostalCode, SysStatus, SysUser, SysStart, SysEnd)
	values (-177, -100, '76 North Center', 'Irving', 'TX', '75037', 0, 'mary@example.org', '2020-06-19T10:22:31',_.MaxDateTime2()  );
insert into Address (Id, PersonId, StreetAddress, City, State, PostalCode, SysStatus, SysUser, SysStart, SysEnd)
	values (-178, -86, '0 Green Road', 'Tulsa', 'OK', '74149', 0, 'mary@example.org', '2020-06-19T10:22:31',_.MaxDateTime2()  );
insert into Address (Id, PersonId, StreetAddress, City, State, PostalCode, SysStatus, SysUser, SysStart, SysEnd)
	values (-179, -39, '07809 Tomscot Hill', 'Tulsa', 'OK', '74149', 0, 'mary@example.org', '2020-06-19T10:22:31',_.MaxDateTime2()  );
insert into Address (Id, PersonId, StreetAddress, City, State, PostalCode, SysStatus, SysUser, SysStart, SysEnd)
	values (-180, -32, '35579 Sunnyside Center', 'Paterson', 'NJ', '07522', 0, 'james@example.org', '2020-06-19T10:22:31',_.MaxDateTime2()  );
insert into Address (Id, PersonId, StreetAddress, City, State, PostalCode, SysStatus, SysUser, SysStart, SysEnd)
	values (-181, -37, '76403 Jenifer Court', 'Cheyenne', 'WY', '82007', 0, 'james@example.org', '2020-06-19T10:22:31',_.MaxDateTime2()  );
insert into Address (Id, PersonId, StreetAddress, City, State, PostalCode, SysStatus, SysUser, SysStart, SysEnd)
	values (-182, -21, '7 Marcy Street', 'Saint Cloud', 'MN', '56372', 0, 'mary@example.org', '2020-06-19T10:22:31',_.MaxDateTime2()  );
insert into Address (Id, PersonId, StreetAddress, City, State, PostalCode, SysStatus, SysUser, SysStart, SysEnd)
	values (-183, -7, '6960 Prentice Road', 'Aurora', 'CO', '80015', 0, 'mary@example.org', '2020-06-19T10:22:31',_.MaxDateTime2()  );
insert into Address (Id, PersonId, StreetAddress, City, State, PostalCode, SysStatus, SysUser, SysStart, SysEnd)
	values (-184, -100, '014 Gerald Parkway', 'Marietta', 'GA', '30061', 0, 'james@example.org', '2020-06-19T10:22:31',_.MaxDateTime2()  );
insert into Address (Id, PersonId, StreetAddress, City, State, PostalCode, SysStatus, SysUser, SysStart, SysEnd)
	values (-185, -21, '7 Coleman Point', 'Alpharetta', 'GA', '30022', 0, 'mary@example.org', '2020-06-19T10:22:31',_.MaxDateTime2()  );
insert into Address (Id, PersonId, StreetAddress, City, State, PostalCode, SysStatus, SysUser, SysStart, SysEnd)
	values (-186, -56, '1 Jenifer Alley', 'Kent', 'WA', '98042', 0, 'james@example.org', '2020-06-19T10:22:31',_.MaxDateTime2()  );
insert into Address (Id, PersonId, StreetAddress, City, State, PostalCode, SysStatus, SysUser, SysStart, SysEnd)
	values (-187, -73, '66 Old Gate Park', 'Riverside', 'CA', '92505', 0, 'mary@example.org', '2020-06-19T10:22:31',_.MaxDateTime2()  );
insert into Address (Id, PersonId, StreetAddress, City, State, PostalCode, SysStatus, SysUser, SysStart, SysEnd)
	values (-188, -38, '11009 Dayton Drive', 'Long Beach', 'CA', '90805', 0, 'mary@example.org', '2020-06-19T10:22:31',_.MaxDateTime2()  );
insert into Address (Id, PersonId, StreetAddress, City, State, PostalCode, SysStatus, SysUser, SysStart, SysEnd)
	values (-189, -72, '2176 Browning Junction', 'Atlanta', 'GA', '30386', 0, 'mary@example.org', '2020-06-19T10:22:31',_.MaxDateTime2()  );
insert into Address (Id, PersonId, StreetAddress, City, State, PostalCode, SysStatus, SysUser, SysStart, SysEnd)
	values (-190, -91, '92 Melvin Place', 'Wichita', 'KS', '67260', 0, 'mary@example.org', '2020-06-19T10:22:31',_.MaxDateTime2()  );
insert into Address (Id, PersonId, StreetAddress, City, State, PostalCode, SysStatus, SysUser, SysStart, SysEnd)
	values (-191, -14, '5 Anderson Trail', 'Dallas', 'TX', '75241', 0, 'james@example.org', '2020-06-19T10:22:31',_.MaxDateTime2()  );
insert into Address (Id, PersonId, StreetAddress, City, State, PostalCode, SysStatus, SysUser, SysStart, SysEnd)
	values (-192, -53, '581 Transport Street', 'Seattle', 'WA', '98127', 0, 'james@example.org', '2020-06-19T10:22:31',_.MaxDateTime2()  );
insert into Address (Id, PersonId, StreetAddress, City, State, PostalCode, SysStatus, SysUser, SysStart, SysEnd)
	values (-193, -41, '49631 Cody Court', 'San Bernardino', 'CA', '92410', 0, 'james@example.org', '2020-06-19T10:22:31',_.MaxDateTime2()  );
insert into Address (Id, PersonId, StreetAddress, City, State, PostalCode, SysStatus, SysUser, SysStart, SysEnd)
	values (-194, -51, '776 Lerdahl Parkway', 'Austin', 'TX', '78759', 0, 'james@example.org', '2020-06-19T10:22:31',_.MaxDateTime2()  );
insert into Address (Id, PersonId, StreetAddress, City, State, PostalCode, SysStatus, SysUser, SysStart, SysEnd)
	values (-195, -11, '73672 Oriole Court', 'Berkeley', 'CA', '94712', 0, 'mary@example.org', '2020-06-19T10:22:31',_.MaxDateTime2()  );
insert into Address (Id, PersonId, StreetAddress, City, State, PostalCode, SysStatus, SysUser, SysStart, SysEnd)
	values (-196, -72, '53 Boyd Drive', 'Ventura', 'CA', '93005', 0, 'james@example.org', '2020-06-19T10:22:31',_.MaxDateTime2()  );
insert into Address (Id, PersonId, StreetAddress, City, State, PostalCode, SysStatus, SysUser, SysStart, SysEnd)
	values (-197, -47, '7 Forster Park', 'Austin', 'TX', '78759', 0, 'james@example.org', '2020-06-19T10:22:31',_.MaxDateTime2()  );
insert into Address (Id, PersonId, StreetAddress, City, State, PostalCode, SysStatus, SysUser, SysStart, SysEnd)
	values (-198, -55, '5136 Hintze Pass', 0, 'jacksonville', 'FL', '32215', 0, 'james@example.org', '2020-06-19T10:22:31',_.MaxDateTime2()  );
insert into Address (Id, PersonId, StreetAddress, City, State, PostalCode, SysStatus, SysUser, SysStart, SysEnd)
	values (-199, -90, '1971 Sutherland Avenue', 'Sacramento', 'CA', '94245', 0, 'mary@example.org', '2020-06-19T10:22:31',_.MaxDateTime2()  );
insert into Address (Id, PersonId, StreetAddress, City, State, PostalCode, SysStatus, SysUser, SysStart, SysEnd)
	values (-200, -50, '43 Laurel Road', 'Anaheim', 'CA', '92805', 0, 'james@example.org', '2020-06-19T10:22:31',_.MaxDateTime2()  );
insert into Address (Id, PersonId, StreetAddress, City, State, PostalCode, SysStatus, SysUser, SysStart, SysEnd)
	values (-201, -58, '6593 Scoville Lane', 'Spartanburg', 'SC', '29319', 0, 'mary@example.org', '2020-06-19T10:22:31',_.MaxDateTime2()  );
insert into Address (Id, PersonId, StreetAddress, City, State, PostalCode, SysStatus, SysUser, SysStart, SysEnd)
	values (-202, -73, '17482 Florence Trail', 'Las Vegas', 'NV', '89135', 0, 'mary@example.org', '2020-06-19T10:22:31',_.MaxDateTime2()  );
insert into Address (Id, PersonId, StreetAddress, City, State, PostalCode, SysStatus, SysUser, SysStart, SysEnd)
	values (-203, -36, '00789 Glendale Avenue', 'North Little Rock', 'AR', '72118', 0, 'james@example.org', '2020-06-19T10:22:31',_.MaxDateTime2()  );
insert into Address (Id, PersonId, StreetAddress, City, State, PostalCode, SysStatus, SysUser, SysStart, SysEnd)
	values (-204, -56, '264 Waywood Road', 'Marietta', 'GA', '30066', 0, 'mary@example.org', '2020-06-19T10:22:31',_.MaxDateTime2()  );
insert into Address (Id, PersonId, StreetAddress, City, State, PostalCode, SysStatus, SysUser, SysStart, SysEnd)
	values (-205, -23, '2 Mosinee Center', 'Jamaica', 'NY', '11407', 0, 'mary@example.org', '2020-06-19T10:22:31',_.MaxDateTime2()  );
insert into Address (Id, PersonId, StreetAddress, City, State, PostalCode, SysStatus, SysUser, SysStart, SysEnd)
	values (-206, -30, '573 Dixon Crossing', 'Buffalo', 'NY', '14215', 0, 'james@example.org', '2020-06-19T10:22:31',_.MaxDateTime2()  );
insert into Address (Id, PersonId, StreetAddress, City, State, PostalCode, SysStatus, SysUser, SysStart, SysEnd)
	values (-207, -18, '1 Monument Place', 'Newark', 'DE', '19725', 0, 'james@example.org', '2020-06-19T10:22:31',_.MaxDateTime2()  );
insert into Address (Id, PersonId, StreetAddress, City, State, PostalCode, SysStatus, SysUser, SysStart, SysEnd)
	values (-208, -57, '01 Crest Line Avenue', 'Phoenix', 'AZ', '85025', 0, 'mary@example.org', '2020-06-19T10:22:31',_.MaxDateTime2()  );
insert into Address (Id, PersonId, StreetAddress, City, State, PostalCode, SysStatus, SysUser, SysStart, SysEnd)
	values (-209, -13, '86768 Dennis Trail', 'Fort Lauderdale', 'FL', '33336', 0, 'mary@example.org', '2020-06-19T10:22:31',_.MaxDateTime2()  );
insert into Address (Id, PersonId, StreetAddress, City, State, PostalCode, SysStatus, SysUser, SysStart, SysEnd)
	values (-210, -76, '26 Michigan Terrace', 'San Jose', 'CA', '95133', 0, 'mary@example.org', '2020-06-19T10:22:31',_.MaxDateTime2()  );
insert into Address (Id, PersonId, StreetAddress, City, State, PostalCode, SysStatus, SysUser, SysStart, SysEnd)
	values (-211, -26, '08825 Parkside Plaza', 'Canton', 'OH', '44710', 0, 'mary@example.org', '2020-06-19T10:22:31',_.MaxDateTime2()  );
insert into Address (Id, PersonId, StreetAddress, City, State, PostalCode, SysStatus, SysUser, SysStart, SysEnd)
	values (-212, -53, '587 Old Shore Point', 'San Francisco', 'CA', '94110', 0, 'james@example.org', '2020-06-19T10:22:31',_.MaxDateTime2()  );
insert into Address (Id, PersonId, StreetAddress, City, State, PostalCode, SysStatus, SysUser, SysStart, SysEnd)
	values (-213, -67, '13411 North Alley', 'Cincinnati', 'OH', '45238', 0, 'mary@example.org', '2020-06-19T10:22:31',_.MaxDateTime2()  );
insert into Address (Id, PersonId, StreetAddress, City, State, PostalCode, SysStatus, SysUser, SysStart, SysEnd)
	values (-214, -12, '7 Iowa Street', 'Boston', 'MA', '02119', 0, 'james@example.org', '2020-06-19T10:22:31',_.MaxDateTime2()  );
insert into Address (Id, PersonId, StreetAddress, City, State, PostalCode, SysStatus, SysUser, SysStart, SysEnd)
	values (-215, -98, '00 Lighthouse Bay Road', 'Boise', 'ID', '83732', 0, 'james@example.org', '2020-06-19T10:22:31',_.MaxDateTime2()  );
insert into Address (Id, PersonId, StreetAddress, City, State, PostalCode, SysStatus, SysUser, SysStart, SysEnd)
	values (-216, -41, '462 Rigney Road', 'Columbia', 'SC', '29208', 0, 'james@example.org', '2020-06-19T10:22:31',_.MaxDateTime2()  );
insert into Address (Id, PersonId, StreetAddress, City, State, PostalCode, SysStatus, SysUser, SysStart, SysEnd)
	values (-217, -52, '55 Hermina Center', 'Columbia', 'MO', '65218', 0, 'mary@example.org', '2020-06-19T10:22:31',_.MaxDateTime2()  );
insert into Address (Id, PersonId, StreetAddress, City, State, PostalCode, SysStatus, SysUser, SysStart, SysEnd)
	values (-218, -1, '18 Caliangt Terrace', 'Houston', 'TX', '77288', 0, 'mary@example.org', '2020-06-19T10:22:31',_.MaxDateTime2()  );
insert into Address (Id, PersonId, StreetAddress, City, State, PostalCode, SysStatus, SysUser, SysStart, SysEnd)
	values (-219, -3, '14454 Loeprich Plaza', 'Virginia Beach', 'VA', '23454', 0, 'james@example.org', '2020-06-19T10:22:31',_.MaxDateTime2()  );
insert into Address (Id, PersonId, StreetAddress, City, State, PostalCode, SysStatus, SysUser, SysStart, SysEnd)
	values (-220, -2, '0 Twin Pines Place', 'West Palm Beach', 'FL', '33405', 0, 'mary@example.org', '2020-06-19T10:22:31',_.MaxDateTime2()  );
insert into Address (Id, PersonId, StreetAddress, City, State, PostalCode, SysStatus, SysUser, SysStart, SysEnd)
	values (-221, -81, '5077 Welch Place', 'Kingsport', 'TN', '37665', 0, 'mary@example.org', '2020-06-19T10:22:31',_.MaxDateTime2()  );
insert into Address (Id, PersonId, StreetAddress, City, State, PostalCode, SysStatus, SysUser, SysStart, SysEnd)
	values (-222, -39, '663 Vahlen Lane', 'Lawrenceville', 'GA', '30045', 0, 'james@example.org', '2020-06-19T10:22:31',_.MaxDateTime2()  );
insert into Address (Id, PersonId, StreetAddress, City, State, PostalCode, SysStatus, SysUser, SysStart, SysEnd)
	values (-223, -6, '30175 Buena Vista Plaza', 'Fort Smith', 'AR', '72916', 0, 'james@example.org', '2020-06-19T10:22:31',_.MaxDateTime2()  );
insert into Address (Id, PersonId, StreetAddress, City, State, PostalCode, SysStatus, SysUser, SysStart, SysEnd)
	values (-224, -93, '30295 Harper Court', 'Norman', 'OK', '73071', 0, 'mary@example.org', '2020-06-19T10:22:31',_.MaxDateTime2()  );
insert into Address (Id, PersonId, StreetAddress, City, State, PostalCode, SysStatus, SysUser, SysStart, SysEnd)
	values (-225, -36, '348 Pond Point', 'Apache Junction', 'AZ', '85219', 0, 'mary@example.org', '2020-06-19T10:22:31',_.MaxDateTime2()  );
insert into Address (Id, PersonId, StreetAddress, City, State, PostalCode, SysStatus, SysUser, SysStart, SysEnd)
	values (-226, -77, '48368 Carey Center', 'Bloomington', 'IN', '47405', 0, 'james@example.org', '2020-06-19T10:22:31',_.MaxDateTime2()  );
insert into Address (Id, PersonId, StreetAddress, City, State, PostalCode, SysStatus, SysUser, SysStart, SysEnd)
	values (-227, -62, '523 Northport Place', 'Detroit', 'MI', '48242', 0, 'mary@example.org', '2020-06-19T10:22:31',_.MaxDateTime2()  );
insert into Address (Id, PersonId, StreetAddress, City, State, PostalCode, SysStatus, SysUser, SysStart, SysEnd)
	values (-228, -74, '982 Manitowish Court', 'Naples', 'FL', '33963', 0, 'mary@example.org', '2020-06-19T10:22:31',_.MaxDateTime2()  );
insert into Address (Id, PersonId, StreetAddress, City, State, PostalCode, SysStatus, SysUser, SysStart, SysEnd)
	values (-229, -2, '83828 La Follette Circle', 'Denver', 'CO', '80223', 0, 'mary@example.org', '2020-06-19T10:22:31',_.MaxDateTime2()  );
insert into Address (Id, PersonId, StreetAddress, City, State, PostalCode, SysStatus, SysUser, SysStart, SysEnd)
	values (-230, -82, '2387 Blackbird Drive', 'New York City', 'NY', '10004', 0, 'james@example.org', '2020-06-19T10:22:31',_.MaxDateTime2()  );
insert into Address (Id, PersonId, StreetAddress, City, State, PostalCode, SysStatus, SysUser, SysStart, SysEnd)
	values (-231, -51, '76146 Sachs Terrace', 'Oklahoma City', 'OK', '73173', 0, 'mary@example.org', '2020-06-19T10:22:31',_.MaxDateTime2()  );
insert into Address (Id, PersonId, StreetAddress, City, State, PostalCode, SysStatus, SysUser, SysStart, SysEnd)
	values (-232, -8, '81849 Surrey Place', 'Grand Rapids', 'MI', '49510', 0, 'james@example.org', '2020-06-19T10:22:31',_.MaxDateTime2()  );
insert into Address (Id, PersonId, StreetAddress, City, State, PostalCode, SysStatus, SysUser, SysStart, SysEnd)
	values (-233, -4, '2 Golf Course Terrace', 'San Antonio', 'TX', '78278', 0, 'mary@example.org', '2020-06-19T10:22:31',_.MaxDateTime2()  );
insert into Address (Id, PersonId, StreetAddress, City, State, PostalCode, SysStatus, SysUser, SysStart, SysEnd)
	values (-234, -75, '2757 Springs Parkway', 'Houston', 'TX', '77201', 0, 'james@example.org', '2020-06-19T10:22:31',_.MaxDateTime2()  );
insert into Address (Id, PersonId, StreetAddress, City, State, PostalCode, SysStatus, SysUser, SysStart, SysEnd)
	values (-235, -98, '56 Dayton Plaza', 'White Plains', 'NY', '10606', 0, 'mary@example.org', '2020-06-19T10:22:31',_.MaxDateTime2()  );
insert into Address (Id, PersonId, StreetAddress, City, State, PostalCode, SysStatus, SysUser, SysStart, SysEnd)
	values (-236, -17, '53 Holmberg Way', 'Dallas', 'TX', '75251', 0, 'mary@example.org', '2020-06-19T10:22:31',_.MaxDateTime2()  );
insert into Address (Id, PersonId, StreetAddress, City, State, PostalCode, SysStatus, SysUser, SysStart, SysEnd)
	values (-237, -37, '2 2nd Crossing', 'Madison', 'WI', '53716', 0, 'james@example.org', '2020-06-19T10:22:31',_.MaxDateTime2()  );
insert into Address (Id, PersonId, StreetAddress, City, State, PostalCode, SysStatus, SysUser, SysStart, SysEnd)
	values (-238, -25, '2 Eastlawn Road', 'Dallas', 'TX', '75260', 0, 'james@example.org', '2020-06-19T10:22:31',_.MaxDateTime2()  );
insert into Address (Id, PersonId, StreetAddress, City, State, PostalCode, SysStatus, SysUser, SysStart, SysEnd)
	values (-239, -15, '631 Welch Trail', 'Pueblo', 'CO', '81005', 0, 'james@example.org', '2020-06-19T10:22:31',_.MaxDateTime2()  );
insert into Address (Id, PersonId, StreetAddress, City, State, PostalCode, SysStatus, SysUser, SysStart, SysEnd)
	values (-240, -67, '22482 Huxley Crossing', 'Springfield', 'IL', '62711', 0, 'james@example.org', '2020-06-19T10:22:31',_.MaxDateTime2()  );
insert into Address (Id, PersonId, StreetAddress, City, State, PostalCode, SysStatus, SysUser, SysStart, SysEnd)
	values (-241, -9, '69 Chinook Avenue', 'Charlotte', 'NC', '28210', 0, 'mary@example.org', '2020-06-19T10:22:31',_.MaxDateTime2()  );
insert into Address (Id, PersonId, StreetAddress, City, State, PostalCode, SysStatus, SysUser, SysStart, SysEnd)
	values (-242, -6, '16 Luster Plaza', 'Honolulu', 'HI', '96825', 0, 'james@example.org', '2020-06-19T10:22:31',_.MaxDateTime2()  );
insert into Address (Id, PersonId, StreetAddress, City, State, PostalCode, SysStatus, SysUser, SysStart, SysEnd)
	values (-243, -6, '69841 Grasskamp Junction', 'Anchorage', 'AK', '99517', 0, 'mary@example.org', '2020-06-19T10:22:31',_.MaxDateTime2()  );
insert into Address (Id, PersonId, StreetAddress, City, State, PostalCode, SysStatus, SysUser, SysStart, SysEnd)
	values (-244, -60, '637 Ronald Regan Drive', 'Huntsville', 'AL', '35815', 0, 'mary@example.org', '2020-06-19T10:22:31',_.MaxDateTime2()  );
insert into Address (Id, PersonId, StreetAddress, City, State, PostalCode, SysStatus, SysUser, SysStart, SysEnd)
	values (-245, -26, '1 Kropf Junction', 'Waco', 'TX', '76796', 0, 'james@example.org', '2020-06-19T10:22:31',_.MaxDateTime2()  );
insert into Address (Id, PersonId, StreetAddress, City, State, PostalCode, SysStatus, SysUser, SysStart, SysEnd)
	values (-246, -45, '1069 Oakridge Plaza', 'Mobile', 'AL', '36605', 0, 'james@example.org', '2020-06-19T10:22:31',_.MaxDateTime2()  );
insert into Address (Id, PersonId, StreetAddress, City, State, PostalCode, SysStatus, SysUser, SysStart, SysEnd)
	values (-247, -51, '299 La Follette Alley', 'Honolulu', 'HI', '96850', 0, 'james@example.org', '2020-06-19T10:22:31',_.MaxDateTime2()  );
insert into Address (Id, PersonId, StreetAddress, City, State, PostalCode, SysStatus, SysUser, SysStart, SysEnd)
	values (-248, -86, '759 Dwight Hill', 'Baton Rouge', 'LA', '70826', 0, 'mary@example.org', '2020-06-19T10:22:31',_.MaxDateTime2()  );
insert into Address (Id, PersonId, StreetAddress, City, State, PostalCode, SysStatus, SysUser, SysStart, SysEnd)
	values (-249, -86, '47 Texas Place', 'Houston', 'TX', '77085', 0, 'james@example.org', '2020-06-19T10:22:31',_.MaxDateTime2()  );
insert into Address (Id, PersonId, StreetAddress, City, State, PostalCode, SysStatus, SysUser, SysStart, SysEnd)
	values (-250, -46, '65559 Oak Valley Road', 'Seattle', 'WA', '98195', 0, 'james@example.org', '2020-06-19T10:22:31',_.MaxDateTime2()  );
insert into Address (Id, PersonId, StreetAddress, City, State, PostalCode, SysStatus, SysUser, SysStart, SysEnd)
	values (-251, -64, '41 Morning Circle', 'Idaho Falls', 'ID', '83405', 0, 'james@example.org', '2020-06-19T10:22:31',_.MaxDateTime2()  );
insert into Address (Id, PersonId, StreetAddress, City, State, PostalCode, SysStatus, SysUser, SysStart, SysEnd)
	values (-252, -20, '2 Eggendart Parkway', 'Cincinnati', 'OH', '45208', 0, 'mary@example.org', '2020-06-19T10:22:31',_.MaxDateTime2()  );
insert into Address (Id, PersonId, StreetAddress, City, State, PostalCode, SysStatus, SysUser, SysStart, SysEnd)
	values (-253, -97, '7361 Becker Avenue', 'Minneapolis', 'MN', '55487', 0, 'james@example.org', '2020-06-19T10:22:31',_.MaxDateTime2()  );
insert into Address (Id, PersonId, StreetAddress, City, State, PostalCode, SysStatus, SysUser, SysStart, SysEnd)
	values (-254, -10, '27 Lakewood Point', 'Fort Lauderdale', 'FL', '33330', 0, 'james@example.org', '2020-06-19T10:22:31',_.MaxDateTime2()  );
insert into Address (Id, PersonId, StreetAddress, City, State, PostalCode, SysStatus, SysUser, SysStart, SysEnd)
	values (-255, -45, '30 South Trail', 'Whittier', 'CA', '90610', 0, 'james@example.org', '2020-06-19T10:22:31',_.MaxDateTime2()  );
insert into Address (Id, PersonId, StreetAddress, City, State, PostalCode, SysStatus, SysUser, SysStart, SysEnd)
	values (-256, -83, '32 Cottonwood Terrace', 'Wilkes Barre', 'PA', '18768', 0, 'james@example.org', '2020-06-19T10:22:31',_.MaxDateTime2()  );
insert into Address (Id, PersonId, StreetAddress, City, State, PostalCode, SysStatus, SysUser, SysStart, SysEnd)
	values (-257, -82, '69518 Sullivan Point', 'Washington', 'DC', '20551', 0, 'james@example.org', '2020-06-19T10:22:31',_.MaxDateTime2()  );
insert into Address (Id, PersonId, StreetAddress, City, State, PostalCode, SysStatus, SysUser, SysStart, SysEnd)
	values (-258, -40, '08181 Coleman Alley', 'Lafayette', 'IN', '47905', 0, 'mary@example.org', '2020-06-19T10:22:31',_.MaxDateTime2()  );
insert into Address (Id, PersonId, StreetAddress, City, State, PostalCode, SysStatus, SysUser, SysStart, SysEnd)
	values (-259, -61, '4731 Schlimgen Point', 'Dallas', 'TX', '75392', 0, 'mary@example.org', '2020-06-19T10:22:31',_.MaxDateTime2()  );
insert into Address (Id, PersonId, StreetAddress, City, State, PostalCode, SysStatus, SysUser, SysStart, SysEnd)
	values (-260, -18, '8369 Del Sol Drive', 'Fresno', 'CA', '93762', 0, 'james@example.org', '2020-06-19T10:22:31',_.MaxDateTime2()  );
insert into Address (Id, PersonId, StreetAddress, City, State, PostalCode, SysStatus, SysUser, SysStart, SysEnd)
	values (-261, -11, '3 Bonner Place', 'Boca Raton', 'FL', '33499', 0, 'mary@example.org', '2020-06-19T10:22:31',_.MaxDateTime2()  );
insert into Address (Id, PersonId, StreetAddress, City, State, PostalCode, SysStatus, SysUser, SysStart, SysEnd)
	values (-262, -69, '86776 Oriole Place', 'Murfreesboro', 'TN', '37131', 0, 'mary@example.org', '2020-06-19T10:22:31',_.MaxDateTime2()  );
insert into Address (Id, PersonId, StreetAddress, City, State, PostalCode, SysStatus, SysUser, SysStart, SysEnd)
	values (-263, -64, '7 Emmet Point', 'Boise', 'ID', '83711', 0, 'james@example.org', '2020-06-19T10:22:31',_.MaxDateTime2()  );
insert into Address (Id, PersonId, StreetAddress, City, State, PostalCode, SysStatus, SysUser, SysStart, SysEnd)
	values (-264, -100, '44 Surrey Plaza', 'Atlanta', 'GA', '30380', 0, 'mary@example.org', '2020-06-19T10:22:31',_.MaxDateTime2()  );
insert into Address (Id, PersonId, StreetAddress, City, State, PostalCode, SysStatus, SysUser, SysStart, SysEnd)
	values (-265, -91, '109 Eliot Circle', 'Kansas City', 'KS', '66105', 0, 'james@example.org', '2020-06-19T10:22:31',_.MaxDateTime2()  );
insert into Address (Id, PersonId, StreetAddress, City, State, PostalCode, SysStatus, SysUser, SysStart, SysEnd)
	values (-266, -65, '78 Acker Avenue', 'Joliet', 'IL', '60435', 0, 'mary@example.org', '2020-06-19T10:22:31',_.MaxDateTime2()  );
insert into Address (Id, PersonId, StreetAddress, City, State, PostalCode, SysStatus, SysUser, SysStart, SysEnd)
	values (-267, -63, '3 Utah Avenue', 'Mesa', 'AZ', '85210', 0, 'mary@example.org', '2020-06-19T10:22:31',_.MaxDateTime2()  );
insert into Address (Id, PersonId, StreetAddress, City, State, PostalCode, SysStatus, SysUser, SysStart, SysEnd)
	values (-268, -89, '91 Parkside Center', 'Boise', 'ID', '83705', 0, 'mary@example.org', '2020-06-19T10:22:31',_.MaxDateTime2()  );
insert into Address (Id, PersonId, StreetAddress, City, State, PostalCode, SysStatus, SysUser, SysStart, SysEnd)
	values (-269, -38, '0 Pepper Wood Point', 'Washington', 'DC', '20540', 0, 'james@example.org', '2020-06-19T10:22:31',_.MaxDateTime2()  );
insert into Address (Id, PersonId, StreetAddress, City, State, PostalCode, SysStatus, SysUser, SysStart, SysEnd)
	values (-270, -23, '10187 Talisman Lane', 'Houston', 'TX', '77218', 0, 'mary@example.org', '2020-06-19T10:22:31',_.MaxDateTime2()  );
insert into Address (Id, PersonId, StreetAddress, City, State, PostalCode, SysStatus, SysUser, SysStart, SysEnd)
	values (-271, -57, '816 Marquette Lane', 'Roanoke', 'VA', '24029', 0, 'james@example.org', '2020-06-19T10:22:31',_.MaxDateTime2()  );
insert into Address (Id, PersonId, StreetAddress, City, State, PostalCode, SysStatus, SysUser, SysStart, SysEnd)
	values (-272, -58, '70334 Homewood Road', 'Raleigh', 'NC', '27690', 0, 'james@example.org', '2020-06-19T10:22:31',_.MaxDateTime2()  );
insert into Address (Id, PersonId, StreetAddress, City, State, PostalCode, SysStatus, SysUser, SysStart, SysEnd)
	values (-273, -87, '2 Spenser Trail', 'Savannah', 'GA', '31410', 0, 'james@example.org', '2020-06-19T10:22:31',_.MaxDateTime2()  );
insert into Address (Id, PersonId, StreetAddress, City, State, PostalCode, SysStatus, SysUser, SysStart, SysEnd)
	values (-274, -40, '49 Hanson Point', 'Arlington', 'VA', '22234', 0, 'james@example.org', '2020-06-19T10:22:31',_.MaxDateTime2()  );
insert into Address (Id, PersonId, StreetAddress, City, State, PostalCode, SysStatus, SysUser, SysStart, SysEnd)
	values (-275, -47, '50 Melby Place', 'San Diego', 'CA', '92196', 0, 'james@example.org', '2020-06-19T10:22:31',_.MaxDateTime2()  );
insert into Address (Id, PersonId, StreetAddress, City, State, PostalCode, SysStatus, SysUser, SysStart, SysEnd)
	values (-276, -16, '05 Sherman Center', 'Waterbury', 'CT', '06721', 0, 'mary@example.org', '2020-06-19T10:22:31',_.MaxDateTime2()  );
insert into Address (Id, PersonId, StreetAddress, City, State, PostalCode, SysStatus, SysUser, SysStart, SysEnd)
	values (-277, -80, '031 Barnett Circle', 'Topeka', 'KS', '66617', 0, 'mary@example.org', '2020-06-19T10:22:31',_.MaxDateTime2()  );
insert into Address (Id, PersonId, StreetAddress, City, State, PostalCode, SysStatus, SysUser, SysStart, SysEnd)
	values (-278, -8, '1 Nelson Avenue', 'Seattle', 'WA', '98121', 0, 'mary@example.org', '2020-06-19T10:22:31',_.MaxDateTime2()  );
insert into Address (Id, PersonId, StreetAddress, City, State, PostalCode, SysStatus, SysUser, SysStart, SysEnd)
	values (-279, -22, '2599 Hoffman Crossing', 'Detroit', 'MI', '48217', 0, 'james@example.org', '2020-06-19T10:22:31',_.MaxDateTime2()  );
insert into Address (Id, PersonId, StreetAddress, City, State, PostalCode, SysStatus, SysUser, SysStart, SysEnd)
	values (-280, -15, '93051 Dovetail Center', 'Topeka', 'KS', '66629', 0, 'mary@example.org', '2020-06-19T10:22:31',_.MaxDateTime2()  );
insert into Address (Id, PersonId, StreetAddress, City, State, PostalCode, SysStatus, SysUser, SysStart, SysEnd)
	values (-281, -35, '1089 Northridge Place', 'Fairbanks', 'AK', '99709', 0, 'mary@example.org', '2020-06-19T10:22:31',_.MaxDateTime2()  );
insert into Address (Id, PersonId, StreetAddress, City, State, PostalCode, SysStatus, SysUser, SysStart, SysEnd)
	values (-282, -27, '521 Ronald Regan Crossing', 'Norfolk', 'VA', '23514', 0, 'mary@example.org', '2020-06-19T10:22:31',_.MaxDateTime2()  );
insert into Address (Id, PersonId, StreetAddress, City, State, PostalCode, SysStatus, SysUser, SysStart, SysEnd)
	values (-283, -24, '93814 Autumn Leaf Lane', 0, 'jacksonville', 'FL', '32225', 0, 'james@example.org', '2020-06-19T10:22:31',_.MaxDateTime2()  );
insert into Address (Id, PersonId, StreetAddress, City, State, PostalCode, SysStatus, SysUser, SysStart, SysEnd)
	values (-284, -84, '707 Northridge Center', 'Detroit', 'MI', '48211', 0, 'james@example.org', '2020-06-19T10:22:31',_.MaxDateTime2()  );
insert into Address (Id, PersonId, StreetAddress, City, State, PostalCode, SysStatus, SysUser, SysStart, SysEnd)
	values (-285, -12, '13062 Dovetail Alley', 'Edmond', 'OK', '73034', 0, 'mary@example.org', '2020-06-19T10:22:31',_.MaxDateTime2()  );
insert into Address (Id, PersonId, StreetAddress, City, State, PostalCode, SysStatus, SysUser, SysStart, SysEnd)
	values (-286, -95, '098 Erie Pass', 'Salinas', 'CA', '93907', 0, 'mary@example.org', '2020-06-19T10:22:31',_.MaxDateTime2()  );
insert into Address (Id, PersonId, StreetAddress, City, State, PostalCode, SysStatus, SysUser, SysStart, SysEnd)
	values (-287, -10, '778 Schurz Court', 'Wichita', 'KS', '67220', 0, 'james@example.org', '2020-06-19T10:22:31',_.MaxDateTime2()  );
insert into Address (Id, PersonId, StreetAddress, City, State, PostalCode, SysStatus, SysUser, SysStart, SysEnd)
	values (-288, -55, '160 Drewry Pass', 'Seattle', 'WA', '98148', 0, 'james@example.org', '2020-06-19T10:22:31',_.MaxDateTime2()  );
insert into Address (Id, PersonId, StreetAddress, City, State, PostalCode, SysStatus, SysUser, SysStart, SysEnd)
	values (-289, -87, '3677 Monument Street', 'Birmingham', 'AL', '35236', 0, 'mary@example.org', '2020-06-19T10:22:31',_.MaxDateTime2()  );
insert into Address (Id, PersonId, StreetAddress, City, State, PostalCode, SysStatus, SysUser, SysStart, SysEnd)
	values (-290, -32, '45 Boyd Road', 'New York City', 'NY', '10131', 0, 'mary@example.org', '2020-06-19T10:22:31',_.MaxDateTime2()  );
insert into Address (Id, PersonId, StreetAddress, City, State, PostalCode, SysStatus, SysUser, SysStart, SysEnd)
	values (-291, -2, '208 Bayside Center', 'Birmingham', 'AL', '35279', 0, 'james@example.org', '2020-06-19T10:22:31',_.MaxDateTime2()  );
insert into Address (Id, PersonId, StreetAddress, City, State, PostalCode, SysStatus, SysUser, SysStart, SysEnd)
	values (-292, -43, '07629 Comanche Road', 'Pensacola', 'FL', '32526', 0, 'mary@example.org', '2020-06-19T10:22:31',_.MaxDateTime2()  );
insert into Address (Id, PersonId, StreetAddress, City, State, PostalCode, SysStatus, SysUser, SysStart, SysEnd)
	values (-293, -39, '56 Sutteridge Drive', 'Saint Paul', 'MN', '55123', 0, 'james@example.org', '2020-06-19T10:22:31',_.MaxDateTime2()  );
insert into Address (Id, PersonId, StreetAddress, City, State, PostalCode, SysStatus, SysUser, SysStart, SysEnd)
	values (-294, -22, '64646 Burrows Junction', 'Sunnyvale', 'CA', '94089', 0, 'mary@example.org', '2020-06-19T10:22:31',_.MaxDateTime2()  );
insert into Address (Id, PersonId, StreetAddress, City, State, PostalCode, SysStatus, SysUser, SysStart, SysEnd)
	values (-295, -1, '58038 Moland Hill', 'Springfield', 'MA', '01105', 0, 'mary@example.org', '2020-06-19T10:22:31',_.MaxDateTime2()  );
insert into Address (Id, PersonId, StreetAddress, City, State, PostalCode, SysStatus, SysUser, SysStart, SysEnd)
	values (-296, -47, '33367 Upham Lane', 'Lake Charles', 'LA', '70616', 0, 'mary@example.org', '2020-06-19T10:22:31',_.MaxDateTime2()  );
insert into Address (Id, PersonId, StreetAddress, City, State, PostalCode, SysStatus, SysUser, SysStart, SysEnd)
	values (-297, -52, '6949 Grim Trail', 'Henderson', 'NV', '89012', 0, 'mary@example.org', '2020-06-19T10:22:31',_.MaxDateTime2()  );
insert into Address (Id, PersonId, StreetAddress, City, State, PostalCode, SysStatus, SysUser, SysStart, SysEnd)
	values (-298, -17, '4 Pond Crossing', 'Omaha', 'NE', '68134', 0, 'james@example.org', '2020-06-19T10:22:31',_.MaxDateTime2()  );
insert into Address (Id, PersonId, StreetAddress, City, State, PostalCode, SysStatus, SysUser, SysStart, SysEnd)
	values (-299, -31, '529 Fair Oaks Road', 'El Paso', 'TX', '79945', 0, 'james@example.org', '2020-06-19T10:22:31',_.MaxDateTime2()  );
insert into Address (Id, PersonId, StreetAddress, City, State, PostalCode, SysStatus, SysUser, SysStart, SysEnd)
	values (-300, -17, '8963 Cardinal Center', 'Atlanta', 'GA', '30380', 0, 'mary@example.org', '2020-06-19T10:22:31',_.MaxDateTime2()  );

		